gm,date,tm,home_away,opp,result,r,ra,inn,record,rank,gb,win,loss,save,time,day_night,attendance,c_li,streak,orig_scheduled,year,ymd,game_num,is_double_header,dotw
7,"Monday, Apr 11",BOS,H,NYY,W,8,1,,3-4,4,2.0,Wakefield,Mussina,,2:49,D,33702,1.05,1,,2005,2005-04-11,1,FALSE,Monday
8,"Wednesday, Apr 13",BOS,H,NYY,L,2,5,,3-5,4,2.5,Wright,Schilling,Rivera,3:08,N,35115,1.07,-1,,2005,2005-04-13,1,FALSE,Wednesday
9,"Thursday, Apr 14",BOS,H,NYY,W,8,5,,4-5,3,2.5,Foulke,Gordon,,3:13,N,35251,0.98,1,,2005,2005-04-14,1,FALSE,Thursday
10,"Friday, Apr 15",BOS,H,TBD,W,10,0,,5-5,3,1.5,Wells,Nomo,,2:48,N,35023,1.07,2,,2005,2005-04-15,1,FALSE,Friday
11,"Saturday, Apr 16",BOS,H,TBD,W,6,2,,6-5,3,1.5,Clement,Brazelton,,2:48,N,35106,1.1,3,,2005,2005-04-16,1,FALSE,Saturday
12,"Sunday, Apr 17",BOS,H,TBD,W,3,1,,7-5,3,1.0,Wakefield,Kazmir,Foulke,2:35,D,35232,1.12,4,,2005,2005-04-17,1,FALSE,Sunday
13,"Monday, Apr 18",BOS,H,TOR,W,12,7,,8-5,1,Tied,Schilling,Bush,,3:41,D,35243,1.25,5,,2005,2005-04-18,1,FALSE,Monday
14,"Tuesday, Apr 19",BOS,H,TOR,L,3,4,,8-6,3,1.0,Halladay,Foulke,Batista,2:29,N,35598,1.28,-1,,2005,2005-04-19,1,FALSE,Tuesday
20,"Monday, Apr 25",BOS,H,BAL,L,4,8,,11-9,2,2.0,Chen,Wells,,3:18,N,35003,1.38,-1,,2005,2005-04-25,1,FALSE,Monday
21,"Tuesday, Apr 26",BOS,H,BAL,L,8,11,,11-10,2,3.0,Julio,Foulke,Ryan,4:03,N,35670,1.34,-2,,2005,2005-04-26,1,FALSE,Tuesday
29,"Friday, May 6",BOS,H,SEA,W,7,2,,17-12,2,2.5,Clement,Moyer,,3:05,N,35229,1.21,4,,2005,2005-05-06,1,FALSE,Friday
30,"Sunday, May 8 (1)",BOS,H,SEA,W,6,3,,18-12,2,2.5,González,Piñeiro,Foulke,2:33,D,34848,1.25,5,2005-05-07 (Rain),2005,2005-05-08,1,TRUE,Sunday
31,"Sunday, May 8 (2)",BOS,H,SEA,L,4,6,,18-13,2,2.5,Franklin,Halama,Guardado,3:04,N,34671,1.25,-1,,2005,2005-05-08,2,TRUE,Sunday
32,"Monday, May 9",BOS,H,OAK,W,13,5,,19-13,2,2.5,Wakefield,Haren,,3:03,N,35000,1.26,1,,2005,2005-05-09,1,FALSE,Monday
33,"Tuesday, May 10",BOS,H,OAK,W-wo,3,2,,20-13,2,1.5,Mantei,Dotel,,2:43,N,35644,1.28,2,,2005,2005-05-10,1,FALSE,Tuesday
34,"Wednesday, May 11",BOS,H,OAK,W-wo,6,5,,21-13,2,1.5,Foulke,Dotel,,3:09,D,35375,1.28,3,,2005,2005-05-11,1,FALSE,Wednesday
41,"Friday, May 20",BOS,H,ATL,W,4,3,,24-17,2,2.0,Miller,Hudson,Foulke,2:37,N,35332,1.22,1,,2005,2005-05-20,1,FALSE,Friday
42,"Saturday, May 21",BOS,H,ATL,L,5,7,,24-18,2,3.0,Davies,Wakefield,,3:07,N,35008,1.24,-1,,2005,2005-05-21,1,FALSE,Saturday
43,"Sunday, May 22",BOS,H,ATL,W,5,2,,25-18,2,2.0,Clement,Colón,,2:46,D,34844,1.24,1,,2005,2005-05-22,1,FALSE,Sunday
50,"Monday, May 30",BOS,H,BAL,L,1,8,,27-23,2,4.0,López,Arroyo,,3:01,N,35483,1.5,-1,,2005,2005-05-30,1,FALSE,Monday
51,"Tuesday, May 31",BOS,H,BAL,W,5,1,,28-23,2,3.0,Miller,Cabrera,,2:48,N,35147,1.5,1,,2005,2005-05-31,1,FALSE,Tuesday
52,"Wednesday, Jun 1",BOS,H,BAL,L,3,9,,28-24,2,4.0,Ponson,Wakefield,,3:01,N,35527,1.56,-1,,2005,2005-06-01,1,FALSE,Wednesday
53,"Thursday, Jun 2",BOS,H,BAL,W-wo,6,4,,29-24,2,3.0,Foulke,Ryan,,3:23,D,35138,1.53,1,2005-04-27 (Rain),2005,2005-06-02,1,FALSE,Thursday
54,"Friday, Jun 3",BOS,H,LAA,W,7,4,,30-24,2,2.0,Myers,Shields,Foulke,3:05,N,35328,1.33,2,,2005,2005-06-03,1,FALSE,Friday
55,"Saturday, Jun 4",BOS,H,LAA,L,6,13,,30-25,2,3.0,Colón,Embree,,3:51,D,34754,1.33,-1,,2005,2005-06-04,1,FALSE,Saturday
56,"Sunday, Jun 5",BOS,H,LAA,W,6,3,,31-25,2,3.0,Myers,Woods,Foulke,2:52,D,35008,1.3,1,,2005,2005-06-05,1,FALSE,Sunday
63,"Monday, Jun 13",BOS,H,CIN,W,10,3,,34-29,2,3.0,Clement,Milton,,2:45,N,35478,1.28,2,,2005,2005-06-13,1,FALSE,Monday
64,"Tuesday, Jun 14",BOS,H,CIN,W,7,0,,35-29,2,3.0,Wells,Hudson,,2:43,N,35387,1.3,3,,2005,2005-06-14,1,FALSE,Tuesday
65,"Wednesday, Jun 15",BOS,H,CIN,W,6,1,,36-29,2,3.0,Arroyo,Harang,,2:52,N,35265,1.35,4,,2005,2005-06-15,1,FALSE,Wednesday
66,"Friday, Jun 17",BOS,H,PIT,W-wo,6,5,,37-29,2,2.0,Foulke,White,,3:04,N,35377,1.37,5,,2005,2005-06-17,1,FALSE,Friday
67,"Saturday, Jun 18",BOS,H,PIT,L,0,2,,37-30,2,3.0,White,Embree,Mesa,2:58,N,35216,1.37,-1,,2005,2005-06-18,1,FALSE,Saturday
68,"Sunday, Jun 19",BOS,H,PIT,W,8,0,,38-30,2,3.0,Clement,Wells,,2:47,D,35046,1.34,1,,2005,2005-06-19,1,FALSE,Sunday
75,"Monday, Jun 27",BOS,H,CLE,L,0,7,,44-31,1,up 2.5,Millwood,Arroyo,,3:00,N,35458,1.45,-1,,2005,2005-06-27,1,FALSE,Monday
76,"Tuesday, Jun 28",BOS,H,CLE,L,8,12,,44-32,1,up 1.5,Miller,Foulke,,3:37,N,35445,1.52,-2,,2005,2005-06-28,1,FALSE,Tuesday
77,"Wednesday, Jun 29",BOS,H,CLE,W,5,2,,45-32,1,up 2.0,Wakefield,Elarton,Timlin,2:55,D,35069,1.6,1,,2005,2005-06-29,1,FALSE,Wednesday
78,"Friday, Jul 1",BOS,H,TOR,L,2,15,,45-33,1,up 2.5,Lilly,Clement,,3:27,N,35302,1.66,-1,,2005,2005-07-01,1,FALSE,Friday
79,"Saturday, Jul 2",BOS,H,TOR,W,6,4,,46-33,1,up 2.5,Timlin,Walker,Foulke,3:17,N,35268,1.77,1,,2005,2005-07-02,1,FALSE,Saturday
80,"Sunday, Jul 3",BOS,H,TOR,L,2,5,,46-34,1,up 2.5,Halladay,Arroyo,Schoeneweis,2:47,D,34794,1.76,-1,,2005,2005-07-03,1,FALSE,Sunday
88,"Thursday, Jul 14",BOS,H,NYY,L,6,8,,49-39,1,up 1.0,Gordon,Schilling,Rivera,3:14,N,35232,1.99,-3,,2005,2005-07-14,1,FALSE,Thursday
89,"Friday, Jul 15",BOS,H,NYY,W,17,1,,50-39,1,up 1.0,Wells,Redding,,3:01,N,35083,2.12,1,,2005,2005-07-15,1,FALSE,Friday
90,"Saturday, Jul 16",BOS,H,NYY,L,4,7,,50-40,1,up 1.0,Johnson,Clement,Rivera,3:34,D,34694,1.97,-1,,2005,2005-07-16,1,FALSE,Saturday
91,"Sunday, Jul 17",BOS,H,NYY,L,3,5,,50-41,1,up 0.5,Leiter,Wakefield,Rivera,2:42,N,34802,2.09,-2,,2005,2005-07-17,1,FALSE,Sunday
92,"Monday, Jul 18",BOS,H,TBD,L,1,3,,50-42,2,0.5,Kazmir,Miller,Báez,3:07,N,35405,1.69,-3,,2005,2005-07-18,1,FALSE,Monday
93,"Tuesday, Jul 19",BOS,H,TBD,W,5,2,,51-42,1,up 0.5,Arroyo,Fossum,Schilling,2:40,N,35428,1.68,1,,2005,2005-07-19,1,FALSE,Tuesday
94,"Wednesday, Jul 20",BOS,H,TBD,W,9,4,,52-42,1,up 0.5,Wells,Hendrickson,,2:49,D,35123,1.7,2,,2005,2005-07-20,1,FALSE,Wednesday
102,"Friday, Jul 29",BOS,H,MIN,W,8,5,,57-45,1,up 2.5,Arroyo,Silva,Schilling,2:30,N,35211,1.92,3,,2005,2005-07-29,1,FALSE,Friday
103,"Saturday, Jul 30",BOS,H,MIN,W,6,2,,58-45,1,up 2.5,Wells,Lohse,,2:58,N,35167,1.77,4,,2005,2005-07-30,1,FALSE,Saturday
104,"Sunday, Jul 31",BOS,H,MIN,W,4,3,,59-45,1,up 2.5,Timlin,Rincón,Schilling,3:03,D,34929,1.7,5,,2005,2005-07-31,1,FALSE,Sunday
105,"Tuesday, Aug 2",BOS,H,KCR,W,6,4,,60-45,1,up 3.5,Wakefield,Burgos,Schilling,2:43,N,35386,1.51,6,,2005,2005-08-02,1,FALSE,Tuesday
106,"Wednesday, Aug 3",BOS,H,KCR,W,8,5,,61-45,1,up 4.5,Miller,Snyder,Schilling,3:03,N,35055,1.44,7,,2005,2005-08-03,1,FALSE,Wednesday
107,"Thursday, Aug 4",BOS,H,KCR,W,11,9,,62-45,1,up 4.5,Clement,Oviedo,Schilling,3:18,D,35060,1.28,8,,2005,2005-08-04,1,FALSE,Thursday
111,"Monday, Aug 8",BOS,H,TEX,W,11,6,,64-47,1,up 3.5,González,Karsay,,3:18,N,35453,1.39,2,,2005,2005-08-08,1,FALSE,Monday
112,"Tuesday, Aug 9",BOS,H,TEX,W-wo,8,7,10,65-47,1,up 4.5,Schilling,Gryboski,,4:13,N,35308,1.32,3,,2005,2005-08-09,1,FALSE,Tuesday
113,"Wednesday, Aug 10",BOS,H,TEX,W,16,5,,66-47,1,up 5.5,Arroyo,Rogers,,3:31,N,35379,1.18,4,,2005,2005-08-10,1,FALSE,Wednesday
114,"Friday, Aug 12",BOS,H,CHW,W,9,8,,67-47,1,up 5.0,Bradford,Buehrle,,2:57,N,35132,1.12,5,,2005,2005-08-12,1,FALSE,Friday
115,"Saturday, Aug 13",BOS,H,CHW,W,7,4,,68-47,1,up 5.0,Wakefield,Garland,,2:49,N,35055,1.08,6,,2005,2005-08-13,1,FALSE,Saturday
126,"Friday, Aug 26",BOS,H,DET,W,9,8,,73-53,1,up 2.5,Wakefield,Johnson,Timlin,3:09,N,35056,1.36,1,,2005,2005-08-26,1,FALSE,Friday
127,"Saturday, Aug 27",BOS,H,DET,L,8,12,,73-54,1,up 1.5,Colón,Papelbon,,3:37,N,35228,1.31,-1,,2005,2005-08-27,1,FALSE,Saturday
128,"Sunday, Aug 28",BOS,H,DET,W,11,3,,74-54,1,up 1.5,Wells,Robertson,,2:50,D,34568,1.59,1,,2005,2005-08-28,1,FALSE,Sunday
129,"Monday, Aug 29",BOS,H,TBD,W,10,6,,75-54,1,up 1.5,Clement,McClung,,3:16,N,35007,1.51,2,,2005,2005-08-29,1,FALSE,Monday
130,"Tuesday, Aug 30",BOS,H,TBD,W-wo,7,6,,76-54,1,up 2.5,Timlin,Borowski,,3:26,N,35101,1.52,3,,2005,2005-08-30,1,FALSE,Tuesday
131,"Wednesday, Aug 31",BOS,H,TBD,W,7,6,,77-54,1,up 2.5,Wakefield,Fossum,Timlin,2:24,N,35253,1.28,4,,2005,2005-08-31,1,FALSE,Wednesday
132,"Thursday, Sep 1",BOS,H,TBD,W,7,4,,78-54,1,up 3.5,Arroyo,Waechter,Timlin,2:31,N,35337,1.13,5,,2005,2005-09-01,1,FALSE,Thursday
133,"Friday, Sep 2",BOS,H,BAL,L,3,7,,78-55,1,up 3.5,Maine,DiNardo,,3:06,N,35156,0.91,-1,,2005,2005-09-02,1,FALSE,Friday
134,"Saturday, Sep 3",BOS,H,BAL,W,7,6,,79-55,1,up 3.5,Clement,Bédard,Timlin,3:03,N,35142,1.09,1,,2005,2005-09-03,1,FALSE,Saturday
135,"Sunday, Sep 4",BOS,H,BAL,W,5,1,,80-55,1,up 3.5,Wells,López,,2:20,D,35003,0.94,2,,2005,2005-09-04,1,FALSE,Sunday
136,"Monday, Sep 5",BOS,H,CHW,L,3,5,,80-56,1,up 3.0,McCarthy,Schilling,,3:11,D,35673,0.82,-1,2005-08-14 (Rain),2005,2005-09-05,1,FALSE,Monday
137,"Tuesday, Sep 6",BOS,H,LAA,W-wo,3,2,,81-56,1,up 4.0,Wakefield,Shields,,2:46,N,35061,1.13,1,,2005,2005-09-06,1,FALSE,Tuesday
138,"Wednesday, Sep 7",BOS,H,LAA,W,6,3,,82-56,1,up 4.0,Arroyo,Santana,Timlin,2:34,N,35423,0.81,2,,2005,2005-09-07,1,FALSE,Wednesday
139,"Thursday, Sep 8",BOS,H,LAA,L,0,3,,82-57,1,up 4.0,Byrd,Clement,Rodríguez,3:18,N,35351,0.8,-1,,2005,2005-09-08,1,FALSE,Thursday
146,"Thursday, Sep 15",BOS,H,OAK,L,2,6,,85-61,1,up 1.5,Blanton,Schilling,,3:03,N,35079,1.44,-1,,2005,2005-09-15,1,FALSE,Thursday
147,"Friday, Sep 16",BOS,H,OAK,W-wo,3,2,10,86-61,1,up 1.5,Timlin,Cruz,,3:07,N,35249,2,1,,2005,2005-09-16,1,FALSE,Friday
148,"Saturday, Sep 17",BOS,H,OAK,W,2,1,,87-61,1,up 1.5,Arroyo,Haren,Timlin,2:29,N,35220,2.03,2,,2005,2005-09-17,1,FALSE,Saturday
149,"Sunday, Sep 18",BOS,H,OAK,L,3,12,,87-62,1,up 1.5,Saarloos,Clement,,2:36,D,34849,2.11,-1,,2005,2005-09-18,1,FALSE,Sunday
156,"Tuesday, Sep 27 (1)",BOS,H,TOR,W,3,1,,92-64,1,Tied,Wakefield,Bush,Timlin,2:23,D,35700,4.54,4,2005-09-26 (Rain),2005,2005-09-27,1,TRUE,Tuesday
157,"Tuesday, Sep 27 (2)",BOS,H,TOR,L,5,7,,92-65,1,Tied,Frasor,Bradford,Batista,3:42,N,35476,3.99,-1,,2005,2005-09-27,2,TRUE,Tuesday
158,"Wednesday, Sep 28",BOS,H,TOR,L,2,7,,92-66,2,1.0,Lilly,Arroyo,,3:15,N,35313,4.38,-2,,2005,2005-09-28,1,FALSE,Wednesday
159,"Thursday, Sep 29",BOS,H,TOR,W-wo,5,4,,93-66,2,1.0,Papelbon,Batista,,3:24,N,35345,5.3,1,,2005,2005-09-29,1,FALSE,Thursday
160,"Friday, Sep 30",BOS,H,NYY,W,5,3,,94-66,1,Tied,Wells,Wang,Timlin,3:08,N,34832,7.99,2,,2005,2005-09-30,1,FALSE,Friday
161,"Saturday, Oct 1",BOS,H,NYY,L,4,8,,94-67,2,1.0,Johnson,Wakefield,,3:01,D,34556,5.25,-1,,2005,2005-10-01,1,FALSE,Saturday
162,"Sunday, Oct 2",BOS,H,NYY,W,10,1,,95-67,1,Tied,Schilling,Wright,,3:36,D,34534,5.66,1,,2005,2005-10-02,1,FALSE,Sunday
7,"Tuesday, Apr 11",BOS,H,TOR,W,5,3,,6-1,1,up 2.5,Beckett,Towers,Papelbon,2:44,D,35491,1.31,5,,2006,2006-04-11,1,FALSE,Tuesday
8,"Wednesday, Apr 12",BOS,H,TOR,L,4,8,,6-2,1,up 2.0,Chacín,Wells,,3:00,N,36378,1.3,-1,,2006,2006-04-12,1,FALSE,Wednesday
9,"Thursday, Apr 13",BOS,H,TOR,L,6,8,,6-3,1,up 1.0,Lilly,Clement,Ryan,3:02,N,36524,1.32,-2,,2006,2006-04-13,1,FALSE,Thursday
10,"Friday, Apr 14",BOS,H,SEA,W,2,1,,7-3,1,up 1.0,Schilling,Moyer,Papelbon,2:48,N,36431,1.1,1,,2006,2006-04-14,1,FALSE,Friday
11,"Saturday, Apr 15",BOS,H,SEA,L,0,3,,7-4,1,up 0.5,Piñeiro,Wakefield,Guardado,2:27,D,36047,1.15,-1,,2006,2006-04-15,1,FALSE,Saturday
12,"Sunday, Apr 16",BOS,H,SEA,W,3,2,,8-4,1,up 1.5,Beckett,Washburn,Papelbon,2:43,D,36181,1.11,1,,2006,2006-04-16,1,FALSE,Sunday
13,"Monday, Apr 17",BOS,H,SEA,W-wo,7,6,,9-4,1,up 1.5,Timlin,Guardado,,2:55,D,36188,1.16,2,,2006,2006-04-17,1,FALSE,Monday
14,"Tuesday, Apr 18",BOS,H,TBD,W,7,4,,10-4,1,up 2.5,Timlin,Lugo,Papelbon,3:15,N,36423,1.29,3,,2006,2006-04-18,1,FALSE,Tuesday
15,"Wednesday, Apr 19",BOS,H,TBD,W,9,1,,11-4,1,up 2.5,Schilling,Waechter,,2:55,N,36454,1.37,4,,2006,2006-04-19,1,FALSE,Wednesday
16,"Thursday, Apr 20",BOS,H,TBD,L,1,5,,11-5,1,up 1.5,Kazmir,Wakefield,Miceli,2:43,N,36607,1.35,-1,,2006,2006-04-20,1,FALSE,Thursday
26,"Monday, May 1",BOS,H,NYY,W,7,3,,15-11,1,up 1.0,Timlin,Small,,3:04,N,36339,1.38,1,,2006,2006-05-01,1,FALSE,Monday
27,"Wednesday, May 3",BOS,H,TOR,L,6,7,,15-12,1,Tied,McGowan,Papelbon,Ryan,3:38,N,35881,1.39,-1,,2006,2006-05-03,1,FALSE,Wednesday
28,"Thursday, May 4",BOS,H,TOR,W,7,4,,16-12,1,Tied,Clement,Towers,Papelbon,2:52,N,36396,1.37,1,,2006,2006-05-04,1,FALSE,Thursday
29,"Friday, May 5",BOS,H,BAL,W,6,3,,17-12,1,Tied,Schilling,López,Papelbon,2:47,N,36515,1.31,2,,2006,2006-05-05,1,FALSE,Friday
30,"Saturday, May 6",BOS,H,BAL,W,9,3,,18-12,1,Tied,Wakefield,Bédard,,3:21,N,36507,1.36,3,,2006,2006-05-06,1,FALSE,Saturday
31,"Sunday, May 7",BOS,H,BAL,W,10,3,,19-12,1,Tied,DiNardo,Benson,,2:59,D,36022,1.36,4,,2006,2006-05-07,1,FALSE,Sunday
35,"Friday, May 12",BOS,H,TEX,L,0,6,6,21-14,1,Tied,Loe,Clement,,2:10,N,36102,1.3,-1,,2006,2006-05-12,1,FALSE,Friday
42,"Monday, May 22",BOS,H,NYY,W,9,5,,26-16,1,up 2.5,Schilling,Wang,,2:43,N,36342,1.63,1,,2006,2006-05-22,1,FALSE,Monday
43,"Tuesday, May 23",BOS,H,NYY,L,5,7,,26-17,1,up 1.5,Wright,Wakefield,Rivera,3:18,N,36290,1.62,-1,,2006,2006-05-23,1,FALSE,Tuesday
44,"Wednesday, May 24",BOS,H,NYY,L,6,8,,26-18,1,up 0.5,Johnson,Clement,Rivera,3:30,N,36375,1.59,-2,,2006,2006-05-24,1,FALSE,Wednesday
45,"Thursday, May 25",BOS,H,TBD,W,4,1,,27-18,1,up 1.0,Beckett,Waechter,Papelbon,3:17,N,36209,1.4,1,,2006,2006-05-25,1,FALSE,Thursday
46,"Friday, May 26",BOS,H,TBD,W,8,4,,28-18,1,up 2.0,Tavárez,Kazmir,Papelbon,3:12,N,36129,1.4,2,,2006,2006-05-26,1,FALSE,Friday
47,"Saturday, May 27",BOS,H,TBD,W,6,4,,29-18,1,up 2.0,Schilling,McClung,Papelbon,2:46,N,36409,1.42,3,,2006,2006-05-27,1,FALSE,Saturday
48,"Sunday, May 28",BOS,H,TBD,W,5,4,,30-18,1,up 2.0,Wakefield,Hendrickson,Tavárez,2:54,D,36015,1.4,4,,2006,2006-05-28,1,FALSE,Sunday
58,"Friday, Jun 9",BOS,H,TEX,W,4,3,,35-23,1,up 0.5,Papelbon,Cordero,,2:18,N,36133,1.4,2,,2006,2006-06-09,1,FALSE,Friday
59,"Saturday, Jun 10",BOS,H,TEX,L,4,7,,35-24,1,up 0.5,Corey,Tavárez,Otsuka,3:25,N,36920,1.41,-1,2006-05-13 (Rain),2006,2006-06-10,1,FALSE,Saturday
60,"Sunday, Jun 11 (1)",BOS,H,TEX,W-wo,5,4,,36-24,1,up 1.0,Delcarmen,Otsuka,,3:25,D,36232,1.45,1,2006-06-10 (Rain),2006,2006-06-11,1,TRUE,Sunday
61,"Sunday, Jun 11 (2)",BOS,H,TEX,L,6,13,,36-25,1,up 1.0,Wasdin,Pauley,,3:29,N,35602,1.42,-1,,2006,2006-06-11,2,TRUE,Sunday
68,"Monday, Jun 19",BOS,H,WSN,W,6,3,,40-28,1,up 2.0,Snyder,Armas,Timlin,3:19,N,36252,1.44,4,,2006,2006-06-19,1,FALSE,Monday
69,"Tuesday, Jun 20",BOS,H,WSN,W,11,3,,41-28,1,up 2.0,Wakefield,Hernández,,2:55,N,36421,1.4,5,,2006,2006-06-20,1,FALSE,Tuesday
70,"Wednesday, Jun 21",BOS,H,WSN,W,9,3,,42-28,1,up 2.0,Lester,Hill,,2:57,N,36464,1.38,6,,2006,2006-06-21,1,FALSE,Wednesday
71,"Friday, Jun 23",BOS,H,PHI,W,10,2,,43-28,1,up 2.0,Beckett,Madson,,2:50,N,35948,1.43,7,,2006,2006-06-23,1,FALSE,Friday
72,"Saturday, Jun 24",BOS,H,PHI,W-wo,5,3,10,44-28,1,up 2.5,Papelbon,Gordon,,3:39,D,35564,1.44,8,,2006,2006-06-24,1,FALSE,Saturday
73,"Monday, Jun 26",BOS,H,PHI,W-wo,8,7,12,45-28,1,up 2.5,Hansen,Condrey,,4:59,D,36459,1.39,9,2006-06-25 (Rain),2006,2006-06-26,1,FALSE,Monday
74,"Tuesday, Jun 27",BOS,H,NYM,W,9,4,,46-28,1,up 3.5,Lester,Soler,,3:13,N,36250,1.36,10,,2006,2006-06-27,1,FALSE,Tuesday
75,"Wednesday, Jun 28",BOS,H,NYM,W,10,2,,47-28,1,up 3.5,Beckett,Martínez,,2:50,N,36035,1.32,11,,2006,2006-06-28,1,FALSE,Wednesday
76,"Thursday, Jun 29",BOS,H,NYM,W,4,2,,48-28,1,up 4.0,Schilling,Heilman,Papelbon,2:46,N,36028,1.3,12,,2006,2006-06-29,1,FALSE,Thursday
87,"Thursday, Jul 13",BOS,H,OAK,L,4,5,11,53-34,1,up 2.5,Street,Tavárez,Saarloos,4:23,N,36141,1.37,-2,,2006,2006-07-13,1,FALSE,Thursday
88,"Friday, Jul 14",BOS,H,OAK,L,3,15,,53-35,1,up 1.5,Zito,Beckett,,3:40,N,36319,1.41,-3,,2006,2006-07-14,1,FALSE,Friday
89,"Saturday, Jul 15",BOS,H,OAK,W,7,0,,54-35,1,up 1.5,Schilling,Haren,,2:57,N,36232,1.46,1,,2006,2006-07-15,1,FALSE,Saturday
90,"Sunday, Jul 16",BOS,H,OAK,L,1,8,,54-36,1,up 0.5,Blanton,Snyder,,3:09,D,35643,1.46,-1,,2006,2006-07-16,1,FALSE,Sunday
91,"Monday, Jul 17",BOS,H,KCR,W,5,4,,55-36,1,up 0.5,Timlin,Peralta,Papelbon,2:56,N,36436,1.55,1,,2006,2006-07-17,1,FALSE,Monday
92,"Tuesday, Jul 18",BOS,H,KCR,W,1,0,,56-36,1,up 0.5,Lester,Duckworth,Papelbon,2:23,N,36224,1.58,2,,2006,2006-07-18,1,FALSE,Tuesday
93,"Wednesday, Jul 19",BOS,H,KCR,W,1,0,,57-36,1,up 1.5,Beckett,Redman,Papelbon,2:35,D,36098,1.55,3,,2006,2006-07-19,1,FALSE,Wednesday
94,"Thursday, Jul 20",BOS,H,TEX,W,6,4,,58-36,1,up 2.5,Schilling,Corey,Timlin,2:58,D,36489,1.47,4,2006-05-14 (Rain),2006,2006-07-20,1,FALSE,Thursday
101,"Friday, Jul 28",BOS,H,LAA,L,3,8,,61-40,1,up 0.5,Escobar,Lester,,3:13,N,36109,1.5,-2,,2006,2006-07-28,1,FALSE,Friday
102,"Saturday, Jul 29",BOS,H,LAA,W-wo,7,6,11,62-40,1,up 1.5,Tavárez,Carrasco,,3:59,D,35621,1.6,1,,2006,2006-07-29,1,FALSE,Saturday
103,"Sunday, Jul 30",BOS,H,LAA,L,4,10,,62-41,1,up 0.5,Lackey,Schilling,,3:07,N,36048,1.51,-1,,2006,2006-07-30,1,FALSE,Sunday
104,"Monday, Jul 31",BOS,H,CLE,W-wo,9,8,,63-41,1,up 1.0,Snyder,Hernández,,3:15,N,36387,1.64,1,,2006,2006-07-31,1,FALSE,Monday
105,"Tuesday, Aug 1",BOS,H,CLE,L,3,6,,63-42,1,Tied,Sabathia,Johnson,,3:03,N,36328,1.59,-1,,2006,2006-08-01,1,FALSE,Tuesday
106,"Wednesday, Aug 2",BOS,H,CLE,W-wo,6,5,,64-42,1,Tied,Papelbon,Hernández,,3:21,N,36022,1.66,1,,2006,2006-08-02,1,FALSE,Wednesday
107,"Thursday, Aug 3",BOS,H,CLE,L,6,7,,64-43,2,1.0,Westbrook,Beckett,Davis,2:56,N,36557,1.59,-1,,2006,2006-08-03,1,FALSE,Thursday
114,"Friday, Aug 11",BOS,H,BAL,W,9,2,,66-48,2,2.0,Wells,Loewen,,3:01,N,36191,1.73,1,,2006,2006-08-11,1,FALSE,Friday
115,"Saturday, Aug 12",BOS,H,BAL,W-wo,8,7,10,67-48,2,2.0,Papelbon,Chen,,3:25,D,35768,1.76,2,,2006,2006-08-12,1,FALSE,Saturday
116,"Sunday, Aug 13",BOS,H,BAL,W,11,9,,68-48,2,1.0,Lester,Cabrera,Papelbon,3:41,D,35744,1.82,3,,2006,2006-08-13,1,FALSE,Sunday
117,"Monday, Aug 14",BOS,H,DET,L,4,7,,68-49,2,2.0,Robertson,Beckett,Jones,3:05,N,36392,1.91,-1,,2006,2006-08-14,1,FALSE,Monday
118,"Tuesday, Aug 15",BOS,H,DET,L,2,3,,68-50,2,3.0,Rodney,Timlin,Jones,2:54,N,36179,1.82,-2,,2006,2006-08-15,1,FALSE,Tuesday
119,"Wednesday, Aug 16",BOS,H,DET,W,6,4,,69-50,2,2.0,Wells,Verlander,Papelbon,2:47,N,36304,1.73,1,,2006,2006-08-16,1,FALSE,Wednesday
120,"Friday, Aug 18 (1)",BOS,H,NYY,L,4,12,,69-51,2,3.5,Wang,Johnson,,3:55,D,36325,3.03,-1,2006-05-02 (Rain),2006,2006-08-18,1,TRUE,Friday
121,"Friday, Aug 18 (2)",BOS,H,NYY,L,11,14,,69-52,2,3.5,Myers,Timlin,,4:45,N,36071,2.88,-2,,2006,2006-08-18,2,TRUE,Friday
122,"Saturday, Aug 19",BOS,H,NYY,L,5,13,,69-53,2,4.5,Johnson,Beckett,,3:41,D,35738,2.66,-3,,2006,2006-08-19,1,FALSE,Saturday
123,"Sunday, Aug 20",BOS,H,NYY,L,5,8,10,69-54,2,5.5,Rivera,Hansen,,4:17,N,36155,2.35,-4,,2006,2006-08-20,1,FALSE,Sunday
124,"Monday, Aug 21",BOS,H,NYY,L,1,2,,69-55,2,6.5,Lidle,Wells,Farnsworth,3:03,D,35829,1.94,-5,,2006,2006-08-21,1,FALSE,Monday
134,"Thursday, Aug 31",BOS,H,TOR,W,6,4,,72-62,2,8.0,Delcarmen,Halladay,Papelbon,2:59,N,36238,0.49,1,,2006,2006-08-31,1,FALSE,Thursday
135,"Friday, Sep 1",BOS,H,TOR,W,2,1,,73-62,2,8.0,Snyder,Lilly,Timlin,3:01,N,36235,0.52,2,,2006,2006-09-01,1,FALSE,Friday
136,"Saturday, Sep 2",BOS,H,TOR,L,1,5,,73-63,2,8.0,Burnett,Jarvis,,2:46,D,35973,0.63,-1,,2006,2006-09-02,1,FALSE,Saturday
137,"Sunday, Sep 3",BOS,H,TOR,L,1,6,,73-64,2,9.0,Chacín,Beckett,,3:09,N,35719,0.43,-2,,2006,2006-09-03,1,FALSE,Sunday
138,"Monday, Sep 4",BOS,H,CHW,W-wo,3,2,10,74-64,2,9.0,Timlin,McCarthy,,3:07,N,36206,0.42,1,,2006,2006-09-04,1,FALSE,Monday
139,"Tuesday, Sep 5",BOS,H,CHW,W,1,0,,75-64,2,8.0,Gabbard,Vázquez,Timlin,2:13,N,35912,0.41,2,,2006,2006-09-05,1,FALSE,Tuesday
140,"Wednesday, Sep 6",BOS,H,CHW,L,1,8,,75-65,2,9.0,Contreras,Snyder,,2:47,N,35923,0.53,-1,,2006,2006-09-06,1,FALSE,Wednesday
141,"Friday, Sep 8",BOS,H,KCR,L,9,10,,75-66,2,9.0,Burgos,Timlin,Nelson,3:42,N,36531,0.31,-2,,2006,2006-09-08,1,FALSE,Friday
142,"Saturday, Sep 9",BOS,H,KCR,L,4,10,12,75-67,2,10.0,Nelson,Breslow,,4:18,N,36402,0.18,-3,,2006,2006-09-09,1,FALSE,Saturday
143,"Sunday, Sep 10",BOS,H,KCR,W,9,3,,76-67,2,10.0,Tavárez,Redman,,3:21,D,35703,0.06,1,,2006,2006-09-10,1,FALSE,Sunday
151,"Tuesday, Sep 19",BOS,H,MIN,L,3,7,,81-70,2,11.0,Garza,Wakefield,,3:03,N,36242,0.07,-1,,2006,2006-09-19,1,FALSE,Tuesday
152,"Wednesday, Sep 20",BOS,H,MIN,L,2,8,,81-71,2,11.0,Bonser,Hansen,,3:15,N,36484,0,-2,,2006,2006-09-20,1,FALSE,Wednesday
153,"Thursday, Sep 21",BOS,H,MIN,W,6,0,,82-71,2,10.5,Beckett,Santana,,2:54,N,36434,0,1,,2006,2006-09-21,1,FALSE,Thursday
158,"Tuesday, Sep 26",BOS,H,TBD,W,5,1,,84-74,2,11.5,Schilling,Hammel,,2:39,N,36134,0,1,,2006,2006-09-26,1,FALSE,Tuesday
159,"Wednesday, Sep 27",BOS,H,TBD,L,0,11,,84-75,3,12.5,Corcoran,Beckett,,2:45,N,36028,0,-1,,2006,2006-09-27,1,FALSE,Wednesday
160,"Friday, Sep 29",BOS,H,BAL,W,4,3,,85-75,2,12.0,Tavárez,Bédard,Timlin,2:58,N,36269,0,1,,2006,2006-09-29,1,FALSE,Friday
161,"Saturday, Sep 30",BOS,H,BAL,L,4,5,,85-76,3,12.0,Ray,Timlin,,2:51,N,36596,0,-1,,2006,2006-09-30,1,FALSE,Saturday
162,"Sunday, Oct 1",BOS,H,BAL,W,9,0,5,86-76,3,11.0,Hansack,Penn,,1:37,N,35826,0,1,,2006,2006-10-01,1,FALSE,Sunday
7,"Tuesday, Apr 10",BOS,H,SEA,W,14,3,,4-3,1,Tied,Beckett,Weaver,,3:06,D,35847,1.01,2,,2007,2007-04-10,1,FALSE,Tuesday
8,"Wednesday, Apr 11",BOS,H,SEA,L,0,3,,4-4,2,1.0,Hernández,Matsuzaka,,2:22,N,36630,1.07,-1,,2007,2007-04-11,1,FALSE,Wednesday
9,"Friday, Apr 13",BOS,H,LAA,W,10,1,,5-4,2,0.5,Wakefield,Lackey,,2:49,N,35946,1.02,1,,2007,2007-04-13,1,FALSE,Friday
10,"Saturday, Apr 14",BOS,H,LAA,W,8,0,,6-4,1,up 0.5,Schilling,Carrasco,,3:06,D,36300,1.05,2,,2007,2007-04-14,1,FALSE,Saturday
11,"Monday, Apr 16",BOS,H,LAA,W,7,2,,7-4,1,up 0.5,Beckett,Santana,,2:32,D,35424,1.12,3,,2007,2007-04-16,1,FALSE,Monday
15,"Friday, Apr 20",BOS,H,NYY,W,7,6,,10-5,1,up 1.5,Snyder,Rivera,Okajima,3:18,N,36786,1.32,3,,2007,2007-04-20,1,FALSE,Friday
16,"Saturday, Apr 21",BOS,H,NYY,W,7,5,,11-5,1,up 1.5,Beckett,Karstens,Papelbon,3:26,D,36342,1.35,4,,2007,2007-04-21,1,FALSE,Saturday
17,"Sunday, Apr 22",BOS,H,NYY,W,7,6,,12-5,1,up 1.5,Matsuzaka,Proctor,Papelbon,3:34,N,36905,1.37,5,,2007,2007-04-22,1,FALSE,Sunday
18,"Monday, Apr 23",BOS,H,TOR,L,3,7,,12-6,1,up 1.5,Ohka,Wakefield,Frasor,3:02,N,36669,1.34,-1,,2007,2007-04-23,1,FALSE,Monday
19,"Tuesday, Apr 24",BOS,H,TOR,L,3,10,,12-7,1,up 1.5,Halladay,Tavárez,,2:51,N,37161,1.4,-2,,2007,2007-04-24,1,FALSE,Tuesday
25,"Tuesday, May 1",BOS,H,OAK,L,4,5,10,16-9,1,up 3.5,Duchscherer,Donnelly,Street,3:16,N,37052,1.25,-1,,2007,2007-05-01,1,FALSE,Tuesday
26,"Wednesday, May 2",BOS,H,OAK,W,6,4,,17-9,1,up 4.5,Beckett,Marshall,Timlin,3:11,N,37006,1.26,1,,2007,2007-05-02,1,FALSE,Wednesday
27,"Thursday, May 3",BOS,H,SEA,W,8,7,,18-9,1,up 5.5,Donnelly,Reitsma,Romero,3:26,N,37216,1.26,2,2007-04-12 (Rain),2007,2007-05-03,1,FALSE,Thursday
34,"Friday, May 11",BOS,H,BAL,L,3,6,,23-11,1,up 6.0,Burres,Tavárez,Ray,3:21,N,37039,1.3,-1,,2007,2007-05-11,1,FALSE,Friday
35,"Saturday, May 12",BOS,H,BAL,W,13,4,,24-11,1,up 7.0,López,Leicester,,4:04,D,36503,1.39,1,,2007,2007-05-12,1,FALSE,Saturday
36,"Sunday, May 13",BOS,H,BAL,W-wo,6,5,,25-11,1,up 8.0,Romero,Ray,,3:10,D,36379,1.33,2,,2007,2007-05-13,1,FALSE,Sunday
37,"Monday, May 14",BOS,H,DET,W,7,1,,26-11,1,up 8.5,Matsuzaka,Robertson,,2:53,N,36935,1.08,3,,2007,2007-05-14,1,FALSE,Monday
38,"Tuesday, May 15",BOS,H,DET,L,2,7,,26-12,1,up 8.0,Verlander,Wakefield,,2:45,N,37031,1.02,-1,,2007,2007-05-15,1,FALSE,Tuesday
39,"Thursday, May 17 (1)",BOS,H,DET,W,2,1,,27-12,1,up 9.5,Tavárez,Miner,Papelbon,2:48,D,36767,1.15,1,2007-05-16 (Rain),2007,2007-05-17,1,TRUE,Thursday
40,"Thursday, May 17 (2)",BOS,H,DET,W,4,2,,28-12,1,up 9.5,Donnelly,Ledezma,Okajima,3:08,N,37006,1.08,2,,2007,2007-05-17,2,TRUE,Thursday
41,"Saturday, May 19 (1)",BOS,H,ATL,W,13,3,,29-12,1,up 9.5,Matsuzaka,Lerew,,3:02,D,36358,0.94,3,2007-05-18 (Rain),2007,2007-05-19,1,TRUE,Saturday
42,"Saturday, May 19 (2)",BOS,H,ATL,L,0,14,,29-13,1,up 9.5,Smoltz,Hansack,,3:01,N,36792,0.88,-1,,2007,2007-05-19,2,TRUE,Saturday
43,"Sunday, May 20",BOS,H,ATL,W,6,3,,30-13,1,up10.5,Gabbard,Hudson,,3:05,D,36140,0.91,1,,2007,2007-05-20,1,FALSE,Sunday
50,"Monday, May 28",BOS,H,CLE,W,5,3,,35-15,1,up11.5,Schilling,Lee,Papelbon,3:15,N,36910,0.73,4,,2007,2007-05-28,1,FALSE,Monday
51,"Tuesday, May 29",BOS,H,CLE,W,4,2,,36-15,1,up11.5,Beckett,Sowers,Okajima,2:56,N,37076,0.69,5,,2007,2007-05-29,1,FALSE,Tuesday
52,"Wednesday, May 30",BOS,H,CLE,L,4,8,,36-16,1,up10.5,Byrd,Matsuzaka,,3:34,N,37091,0.62,-1,,2007,2007-05-30,1,FALSE,Wednesday
53,"Friday, Jun 1",BOS,H,NYY,L,5,9,,36-17,1,up10.0,Wang,Wakefield,,3:53,N,36785,0.78,-2,,2007,2007-06-01,1,FALSE,Friday
54,"Saturday, Jun 2",BOS,H,NYY,W,11,6,,37-17,1,up11.0,Okajima,Proctor,,3:39,D,36294,0.86,1,,2007,2007-06-02,1,FALSE,Saturday
55,"Sunday, Jun 3",BOS,H,NYY,L,5,6,,37-18,1,up10.5,Bruney,Papelbon,Rivera,4:04,N,36793,0.77,-1,,2007,2007-06-03,1,FALSE,Sunday
63,"Tuesday, Jun 12",BOS,H,COL,W,2,1,,41-22,1,up 9.5,Wakefield,Cook,Papelbon,2:25,N,37008,0.84,1,,2007,2007-06-12,1,FALSE,Tuesday
64,"Wednesday, Jun 13",BOS,H,COL,L,2,12,,41-23,1,up 8.5,Fogg,Schilling,,3:09,N,36808,0.79,-1,,2007,2007-06-13,1,FALSE,Wednesday
65,"Thursday, Jun 14",BOS,H,COL,L,1,7,,41-24,1,up 7.5,Francis,Beckett,,3:14,N,36939,0.9,-2,,2007,2007-06-14,1,FALSE,Thursday
66,"Friday, Jun 15",BOS,H,SFG,W,10,2,,42-24,1,up 8.5,Tavárez,Zito,,3:09,N,36508,1,1,,2007,2007-06-15,1,FALSE,Friday
67,"Saturday, Jun 16",BOS,H,SFG,W,1,0,,43-24,1,up 8.5,Matsuzaka,Cain,Papelbon,2:50,D,36381,0.87,2,,2007,2007-06-16,1,FALSE,Saturday
68,"Sunday, Jun 17",BOS,H,SFG,W,9,5,,44-24,1,up 8.5,Wakefield,Morris,,2:56,D,36137,0.8,3,,2007,2007-06-17,1,FALSE,Sunday
78,"Friday, Jun 29",BOS,H,TEX,W,2,1,,49-29,1,up10.5,Wakefield,Wright,Papelbon,3:10,N,36756,0.66,1,,2007,2007-06-29,1,FALSE,Friday
79,"Saturday, Jun 30",BOS,H,TEX,L,4,5,,49-30,1,up10.5,Mahay,Beckett,Gagné,3:16,N,36747,0.61,-1,,2007,2007-06-30,1,FALSE,Saturday
80,"Sunday, Jul 1",BOS,H,TEX,L,1,2,,49-31,1,up10.5,Loe,Tavárez,Gagné,3:24,D,36378,0.63,-2,,2007,2007-07-01,1,FALSE,Sunday
81,"Monday, Jul 2",BOS,H,TEX,W,7,3,,50-31,1,up10.5,Gabbard,McCarthy,,3:18,N,36778,0.62,1,,2007,2007-07-02,1,FALSE,Monday
82,"Tuesday, Jul 3",BOS,H,TBD,W,4,1,,51-31,1,up10.5,Matsuzaka,Kazmir,,2:58,N,37005,0.63,2,,2007,2007-07-03,1,FALSE,Tuesday
83,"Wednesday, Jul 4",BOS,H,TBD,W,7,5,,52-31,1,up11.5,Wakefield,Jackson,Papelbon,2:33,D,36629,0.55,3,,2007,2007-07-04,1,FALSE,Wednesday
84,"Thursday, Jul 5",BOS,H,TBD,W,15,4,,53-31,1,up11.5,Beckett,Howell,,3:36,N,37044,0.5,4,,2007,2007-07-05,1,FALSE,Thursday
88,"Thursday, Jul 12",BOS,H,TOR,W,7,4,,54-34,1,up 9.5,Wakefield,Halladay,Papelbon,3:05,N,36887,0.88,1,,2007,2007-07-12,1,FALSE,Thursday
89,"Friday, Jul 13",BOS,H,TOR,L,5,6,,54-35,1,up 9.5,Marcum,Snyder,Accardo,3:51,N,36908,0.77,-1,,2007,2007-07-13,1,FALSE,Friday
90,"Saturday, Jul 14",BOS,H,TOR,W,9,4,,55-35,1,up 9.5,Matsuzaka,McGowan,,3:13,N,36830,0.92,1,,2007,2007-07-14,1,FALSE,Saturday
91,"Sunday, Jul 15",BOS,H,TOR,L,1,2,,55-36,1,up 8.5,Litsch,Beckett,Accardo,2:52,D,36301,0.78,-1,,2007,2007-07-15,1,FALSE,Sunday
92,"Monday, Jul 16",BOS,H,KCR,W,4,0,,56-36,1,up 8.5,Gabbard,Bannister,,2:18,N,37099,0.77,1,,2007,2007-07-16,1,FALSE,Monday
93,"Tuesday, Jul 17",BOS,H,KCR,L,3,9,,56-37,1,up 7.5,Gobble,Wakefield,,3:16,N,37001,0.7,-1,,2007,2007-07-17,1,FALSE,Tuesday
94,"Wednesday, Jul 18",BOS,H,KCR,L,5,6,,56-38,1,up 6.5,Pérez,Tavárez,Dotel,3:08,N,36681,0.83,-2,,2007,2007-07-18,1,FALSE,Wednesday
95,"Thursday, Jul 19",BOS,H,CHW,L,2,4,,56-39,1,up 6.5,Vázquez,Matsuzaka,Jenks,3:34,N,36913,0.92,-3,,2007,2007-07-19,1,FALSE,Thursday
96,"Friday, Jul 20",BOS,H,CHW,W,10,3,,57-39,1,up 7.5,Beckett,Contreras,,2:53,N,36737,1.01,1,,2007,2007-07-20,1,FALSE,Friday
97,"Saturday, Jul 21",BOS,H,CHW,W,11,2,,58-39,1,up 7.0,Gabbard,Danks,,3:05,D,36283,0.8,2,,2007,2007-07-21,1,FALSE,Saturday
98,"Sunday, Jul 22",BOS,H,CHW,W,8,5,,59-39,1,up 7.0,Wakefield,Garland,Papelbon,3:14,D,36346,0.83,3,,2007,2007-07-22,1,FALSE,Sunday
106,"Tuesday, Jul 31",BOS,H,BAL,L,3,5,,64-42,1,up 7.0,Bédard,Beckett,Walker,3:16,N,36866,0.54,-2,,2007,2007-07-31,1,FALSE,Tuesday
107,"Wednesday, Aug 1",BOS,H,BAL,W,5,4,,65-42,1,up 7.0,López,Parrish,Papelbon,3:21,N,36649,0.71,1,,2007,2007-08-01,1,FALSE,Wednesday
108,"Thursday, Aug 2",BOS,H,BAL,W,7,4,,66-42,1,up 8.0,Wakefield,Bell,,2:46,D,36457,0.62,2,,2007,2007-08-02,1,FALSE,Thursday
118,"Monday, Aug 13",BOS,H,TBD,W,3,0,,71-47,1,up 4.0,Wakefield,Shields,Papelbon,2:43,N,36808,0.82,1,,2007,2007-08-13,1,FALSE,Monday
119,"Tuesday, Aug 14",BOS,H,TBD,W-wo,2,1,,72-47,1,up 5.0,Gagné,Reyes,,3:03,N,36837,0.72,2,,2007,2007-08-14,1,FALSE,Tuesday
120,"Wednesday, Aug 15",BOS,H,TBD,L,5,6,,72-48,1,up 5.0,Sonnanstine,Matsuzaka,Reyes,3:27,D,36413,0.54,-1,,2007,2007-08-15,1,FALSE,Wednesday
121,"Friday, Aug 17 (1)",BOS,H,LAA,W,8,4,,73-48,1,up 5.0,Buchholz,Lackey,Papelbon,3:18,D,36686,0.57,1,2007-04-15 (Rain),2007,2007-08-17,1,TRUE,Friday
122,"Friday, Aug 17 (2)",BOS,H,LAA,L,5,7,,73-49,1,up 5.0,Rodríguez,Gagné,,3:14,N,36538,0.47,-1,,2007,2007-08-17,2,TRUE,Friday
123,"Saturday, Aug 18",BOS,H,LAA,W,10,5,,74-49,1,up 5.0,Schilling,Weaver,,3:15,N,36652,0.68,1,,2007,2007-08-18,1,FALSE,Saturday
124,"Sunday, Aug 19",BOS,H,LAA,L,1,3,,74-50,1,up 4.0,Saunders,Tavárez,Rodríguez,2:49,D,36346,0.64,-1,,2007,2007-08-19,1,FALSE,Sunday
135,"Friday, Aug 31",BOS,H,BAL,L,8,9,,80-55,1,up 5.0,Birkins,Tavárez,Báez,3:50,N,36810,0.27,-4,,2007,2007-08-31,1,FALSE,Friday
136,"Saturday, Sep 1",BOS,H,BAL,W,10,0,,81-55,1,up 5.0,Buchholz,Olson,,3:02,N,36819,0.28,1,,2007,2007-09-01,1,FALSE,Saturday
137,"Sunday, Sep 2",BOS,H,BAL,W,3,2,,82-55,1,up 6.0,Lester,Cabrera,Papelbon,2:35,D,36340,0.21,2,,2007,2007-09-02,1,FALSE,Sunday
138,"Monday, Sep 3",BOS,H,TOR,W,13,10,,83-55,1,up 7.0,Matsuzaka,Litsch,Papelbon,3:59,N,36639,0.09,3,,2007,2007-09-03,1,FALSE,Monday
139,"Tuesday, Sep 4",BOS,H,TOR,W,5,3,,84-55,1,up 7.0,Beckett,Halladay,Papelbon,2:32,N,36839,0.06,4,,2007,2007-09-04,1,FALSE,Tuesday
140,"Wednesday, Sep 5",BOS,H,TOR,L,4,6,,84-56,1,up 6.0,Accardo,Okajima,,3:26,N,37106,0.03,-1,,2007,2007-09-05,1,FALSE,Wednesday
145,"Monday, Sep 10",BOS,H,TBD,L,0,1,,87-58,1,up 5.0,Kazmir,Schilling,Reyes,2:56,N,36907,0.01,-1,,2007,2007-09-10,1,FALSE,Monday
146,"Tuesday, Sep 11",BOS,H,TBD,W,16,10,,88-58,1,up 5.0,Corey,Switzer,,3:45,N,36640,0.02,1,,2007,2007-09-11,1,FALSE,Tuesday
147,"Wednesday, Sep 12",BOS,H,TBD,W-wo,5,4,,89-58,1,up 5.0,Papelbon,Reyes,,3:26,N,36931,0.01,2,,2007,2007-09-12,1,FALSE,Wednesday
148,"Friday, Sep 14",BOS,H,NYY,L,7,8,,89-59,1,up 4.5,Bruney,Papelbon,Rivera,4:43,N,36590,0.01,-1,,2007,2007-09-14,1,FALSE,Friday
149,"Saturday, Sep 15",BOS,H,NYY,W,10,1,,90-59,1,up 5.5,Beckett,Wang,,3:37,D,36215,0.02,1,,2007,2007-09-15,1,FALSE,Saturday
150,"Sunday, Sep 16",BOS,H,NYY,L,3,4,,90-60,1,up 4.5,Chamberlain,Schilling,Rivera,3:10,N,36533,0.01,-1,,2007,2007-09-16,1,FALSE,Sunday
157,"Tuesday, Sep 25",BOS,H,OAK,W,7,3,,93-64,1,up 3.0,Schilling,Gaudin,,3:22,N,36708,0,1,,2007,2007-09-25,1,FALSE,Tuesday
158,"Wednesday, Sep 26",BOS,H,OAK,W,11,6,,94-64,1,up 3.0,Timlin,Blevins,,3:27,N,36570,0,2,,2007,2007-09-26,1,FALSE,Wednesday
159,"Thursday, Sep 27",BOS,H,MIN,L,4,5,,94-65,1,up 2.0,Bonser,Beckett,Nathan,3:14,N,36743,0,-1,,2007,2007-09-27,1,FALSE,Thursday
160,"Friday, Sep 28",BOS,H,MIN,W,5,2,,95-65,1,up 3.0,Matsuzaka,Slowey,Papelbon,2:33,N,36843,0,1,,2007,2007-09-28,1,FALSE,Friday
161,"Saturday, Sep 29",BOS,H,MIN,W,6,4,,96-65,1,up 3.0,Wakefield,Blackburn,Okajima,2:17,N,36619,0,2,,2007,2007-09-29,1,FALSE,Saturday
162,"Sunday, Sep 30",BOS,H,MIN,L,2,3,,96-66,1,up 2.0,Garza,Tavárez,Nathan,2:47,D,36364,0,-1,,2007,2007-09-30,1,FALSE,Sunday
8,"Tuesday, Apr 8",BOS,H,DET,W,5,0,,4-4,3,2.5,Matsuzaka,Rogers,,3:29,D,36567,0.96,1,,2008,2008-04-08,1,FALSE,Tuesday
9,"Wednesday, Apr 9",BOS,H,DET,L,2,7,,4-5,3,3.0,Bonderman,Lester,,3:45,N,37190,1.01,-1,,2008,2008-04-09,1,FALSE,Wednesday
10,"Thursday, Apr 10",BOS,H,DET,W,12,6,,5-5,2,1.5,Wakefield,Robertson,Papelbon,3:44,N,37612,0.97,1,,2008,2008-04-10,1,FALSE,Thursday
11,"Friday, Apr 11",BOS,H,NYY,L,1,4,,5-6,5,1.5,Wang,Timlin,,2:59,N,37624,1.14,-1,,2008,2008-04-11,1,FALSE,Friday
12,"Saturday, Apr 12",BOS,H,NYY,W,4,3,,6-6,3,1.5,Beckett,Mussina,Papelbon,2:49,D,37461,1.11,1,,2008,2008-04-12,1,FALSE,Saturday
13,"Sunday, Apr 13",BOS,H,NYY,W,8,5,,7-6,3,0.5,Matsuzaka,Hughes,,3:55,N,37876,1.13,2,,2008,2008-04-13,1,FALSE,Sunday
18,"Friday, Apr 18",BOS,H,TEX,W,11,3,,11-7,1,up 0.5,Matsuzaka,Mendoza,,3:13,N,37902,1.15,2,,2008,2008-04-18,1,FALSE,Friday
19,"Saturday, Apr 19",BOS,H,TEX,W,5,3,,12-7,1,up 0.5,López,Benoit,Papelbon,2:56,N,37958,1.24,3,,2008,2008-04-19,1,FALSE,Saturday
20,"Sunday, Apr 20",BOS,H,TEX,W,6,5,,13-7,1,up 1.5,Wakefield,Wilson,Papelbon,2:40,D,37480,1.23,4,,2008,2008-04-20,1,FALSE,Sunday
21,"Monday, Apr 21",BOS,H,TEX,W,8,3,,14-7,1,up 2.0,Buchholz,Nippert,,3:33,D,37539,1.22,5,,2008,2008-04-21,1,FALSE,Monday
22,"Tuesday, Apr 22",BOS,H,LAA,W,7,6,,15-7,1,up 3.0,Timlin,Oliver,Papelbon,3:21,N,37982,1.25,6,,2008,2008-04-22,1,FALSE,Tuesday
23,"Wednesday, Apr 23",BOS,H,LAA,L,4,6,,15-8,1,up 2.0,Garland,Hansen,Rodríguez,2:52,N,38172,1.3,-1,,2008,2008-04-23,1,FALSE,Wednesday
24,"Thursday, Apr 24",BOS,H,LAA,L,5,7,,15-9,1,up 1.0,Saunders,Delcarmen,Rodríguez,3:17,D,37848,1.23,-2,,2008,2008-04-24,1,FALSE,Thursday
28,"Tuesday, Apr 29",BOS,H,TOR,W-wo,1,0,,16-12,2,0.5,Papelbon,Halladay,,2:18,N,37215,1.26,1,,2008,2008-04-29,1,FALSE,Tuesday
29,"Wednesday, Apr 30",BOS,H,TOR,W-wo,2,1,,17-12,1,up 0.5,Papelbon,Downs,,3:00,N,37710,1.3,2,,2008,2008-04-30,1,FALSE,Wednesday
30,"Thursday, May 1",BOS,H,TOR,L,0,3,,17-13,1,Tied,Burnett,Wakefield,Ryan,2:44,N,37821,1.33,-1,,2008,2008-05-01,1,FALSE,Thursday
31,"Friday, May 2",BOS,H,TBR,W,7,3,,18-13,1,up 0.5,Buchholz,Jackson,,3:16,N,37541,1.41,1,,2008,2008-05-02,1,FALSE,Friday
32,"Saturday, May 3",BOS,H,TBR,W,12,4,,19-13,1,up 1.5,Beckett,Shields,,3:13,N,37700,1.44,2,,2008,2008-05-03,1,FALSE,Saturday
33,"Sunday, May 4",BOS,H,TBR,W,7,3,,20-13,1,up 2.5,Lester,Kazmir,Papelbon,3:39,D,37091,1.44,3,,2008,2008-05-04,1,FALSE,Sunday
44,"Saturday, May 17 (1)",BOS,H,MIL,W,5,3,,25-19,1,Tied,Matsuzaka,Suppan,Papelbon,3:03,D,37409,1.27,1,2008-05-16 (Rain),2008,2008-05-17,1,TRUE,Saturday
45,"Saturday, May 17 (2)",BOS,H,MIL,W,7,6,,26-19,1,Tied,Hansen,Torres,Timlin,3:12,N,37847,1.29,2,,2008,2008-05-17,2,TRUE,Saturday
46,"Sunday, May 18",BOS,H,MIL,W,11,7,,27-19,1,up 1.0,Beckett,Villanueva,,3:18,D,37204,1.34,3,,2008,2008-05-18,1,FALSE,Sunday
47,"Monday, May 19",BOS,H,KCR,W,7,0,,28-19,1,up 1.0,Lester,Hochevar,,2:30,N,37746,1.44,4,,2008,2008-05-19,1,FALSE,Monday
48,"Tuesday, May 20",BOS,H,KCR,W,2,1,,29-19,1,up 1.0,Masterson,Meche,Papelbon,2:50,N,37486,1.4,5,,2008,2008-05-20,1,FALSE,Tuesday
49,"Wednesday, May 21",BOS,H,KCR,W,6,3,,30-19,1,up 2.0,Colón,Tomko,,3:19,N,37674,1.39,6,,2008,2008-05-21,1,FALSE,Wednesday
50,"Thursday, May 22",BOS,H,KCR,W,11,8,,31-19,1,up 2.5,Matsuzaka,Bannister,Papelbon,3:16,D,37613,1.42,7,,2008,2008-05-22,1,FALSE,Thursday
61,"Tuesday, Jun 3",BOS,H,TBR,W,7,4,,36-25,2,0.5,Masterson,Garza,Papelbon,2:54,N,37823,1.69,1,,2008,2008-06-03,1,FALSE,Tuesday
62,"Wednesday, Jun 4",BOS,H,TBR,W,5,1,,37-25,1,up 0.5,Beckett,Jackson,,3:13,N,37474,1.7,2,,2008,2008-06-04,1,FALSE,Wednesday
63,"Thursday, Jun 5",BOS,H,TBR,W,7,1,,38-25,1,up 1.5,Lester,Shields,,3:40,N,37639,1.69,3,,2008,2008-06-05,1,FALSE,Thursday
64,"Friday, Jun 6",BOS,H,SEA,L,0,8,,38-26,1,up 0.5,Hernández,Colón,,2:38,N,37757,1.35,-1,,2008,2008-06-06,1,FALSE,Friday
65,"Saturday, Jun 7",BOS,H,SEA,W,11,3,,39-26,1,up 0.5,Wakefield,Batista,,2:45,D,37443,1.42,1,,2008,2008-06-07,1,FALSE,Saturday
66,"Sunday, Jun 8",BOS,H,SEA,W,2,1,,40-26,1,up 1.5,Masterson,Green,Papelbon,2:46,D,37198,1.37,2,,2008,2008-06-08,1,FALSE,Sunday
67,"Tuesday, Jun 10",BOS,H,BAL,L,6,10,,40-27,1,up 1.0,Sarfate,Okajima,,3:27,N,37858,1.56,-1,,2008,2008-06-10,1,FALSE,Tuesday
68,"Wednesday, Jun 11",BOS,H,BAL,W,6,3,,41-27,1,up 2.0,Colón,Olson,Papelbon,2:47,N,38130,1.64,1,,2008,2008-06-11,1,FALSE,Wednesday
69,"Thursday, Jun 12",BOS,H,BAL,W,9,2,,42-27,1,up 2.5,Lester,Guthrie,,2:38,N,38139,1.58,2,,2008,2008-06-12,1,FALSE,Thursday
76,"Friday, Jun 20",BOS,H,STL,L,4,5,,46-30,1,up 1.5,Lohse,Wakefield,Franklin,2:59,N,37671,1.25,-1,,2008,2008-06-20,1,FALSE,Friday
77,"Saturday, Jun 21",BOS,H,STL,L,3,9,,46-31,1,up 0.5,Boggs,Matsuzaka,,2:52,D,37227,1.32,-2,,2008,2008-06-21,1,FALSE,Saturday
78,"Sunday, Jun 22",BOS,H,STL,W-wo,5,3,13,47-31,1,up 1.5,López,Parisi,,4:25,D,37085,1.38,1,,2008,2008-06-22,1,FALSE,Sunday
79,"Monday, Jun 23",BOS,H,ARI,L,1,2,,47-32,1,up 1.0,Haren,Beckett,Lyon,3:01,N,37694,1.35,-1,,2008,2008-06-23,1,FALSE,Monday
80,"Tuesday, Jun 24",BOS,H,ARI,W,5,4,,48-32,1,up 1.0,Smith,Qualls,Papelbon,2:44,N,37867,1.44,1,,2008,2008-06-24,1,FALSE,Tuesday
81,"Wednesday, Jun 25",BOS,H,ARI,W,5,0,,49-32,1,up 1.0,Wakefield,Johnson,Papelbon,2:48,N,37924,1.39,2,,2008,2008-06-25,1,FALSE,Wednesday
92,"Monday, Jul 7",BOS,H,MIN,W,1,0,,53-39,2,4.0,Okajima,Bass,Papelbon,2:43,N,37912,1.89,1,,2008,2008-07-07,1,FALSE,Monday
93,"Tuesday, Jul 8",BOS,H,MIN,W,6,5,,54-39,2,3.0,Aardsma,Guerrier,Papelbon,2:51,N,37925,1.84,2,,2008,2008-07-08,1,FALSE,Tuesday
94,"Wednesday, Jul 9",BOS,H,MIN,W,18,5,,55-39,2,2.0,Beckett,Hernández,,3:59,D,37470,1.86,3,,2008,2008-07-09,1,FALSE,Wednesday
95,"Friday, Jul 11",BOS,H,BAL,L,3,7,,55-40,2,1.5,Burres,Buchholz,Sherrill,3:29,N,37779,1.74,-1,,2008,2008-07-11,1,FALSE,Friday
96,"Saturday, Jul 12",BOS,H,BAL,W,12,1,,56-40,2,0.5,Wakefield,Liz,,2:32,N,37539,1.8,1,,2008,2008-07-12,1,FALSE,Saturday
97,"Sunday, Jul 13",BOS,H,BAL,W,2,1,,57-40,1,up 0.5,Matsuzaka,Cabrera,Papelbon,3:32,D,37344,1.72,2,,2008,2008-07-13,1,FALSE,Sunday
104,"Friday, Jul 25",BOS,H,NYY,L,0,1,,60-44,2,1.0,Chamberlain,Beckett,Rivera,3:04,N,37744,1.98,-1,,2008,2008-07-25,1,FALSE,Friday
105,"Saturday, Jul 26",BOS,H,NYY,L,3,10,,60-45,2,2.0,Pettitte,Wakefield,,3:28,D,37225,2.15,-2,,2008,2008-07-26,1,FALSE,Saturday
106,"Sunday, Jul 27",BOS,H,NYY,W,9,2,,61-45,2,1.0,Lester,Ponson,,2:50,N,37688,2.37,1,,2008,2008-07-27,1,FALSE,Sunday
107,"Monday, Jul 28",BOS,H,LAA,L,5,7,,61-46,2,1.0,Weaver,Matsuzaka,Rodríguez,3:12,N,37830,1.79,-1,,2008,2008-07-28,1,FALSE,Monday
108,"Tuesday, Jul 29",BOS,H,LAA,L,2,6,,61-47,2,2.0,Lackey,Buchholz,,2:28,N,38110,1.79,-2,,2008,2008-07-29,1,FALSE,Tuesday
109,"Wednesday, Jul 30",BOS,H,LAA,L,2,9,,61-48,2,3.0,Saunders,Beckett,,3:03,N,38042,1.88,-3,,2008,2008-07-30,1,FALSE,Wednesday
110,"Friday, Aug 1",BOS,H,OAK,W-wo,2,1,12,62-48,2,3.0,Timlin,Embree,,3:50,N,37832,1.95,1,,2008,2008-08-01,1,FALSE,Friday
111,"Saturday, Aug 2",BOS,H,OAK,W,12,2,,63-48,2,3.0,Lester,Eveland,,2:32,N,37838,1.91,2,,2008,2008-08-02,1,FALSE,Saturday
112,"Sunday, Aug 3",BOS,H,OAK,W,5,2,,64-48,2,3.0,Matsuzaka,Braden,Papelbon,3:03,D,37317,1.91,3,,2008,2008-08-03,1,FALSE,Sunday
120,"Tuesday, Aug 12",BOS,H,TEX,W,19,17,,69-51,2,3.0,Okajima,Francisco,Papelbon,3:58,N,38004,1.88,2,,2008,2008-08-12,1,FALSE,Tuesday
121,"Wednesday, Aug 13",BOS,H,TEX,W,8,4,,70-51,2,3.0,Lester,Mendoza,,2:53,N,37876,1.69,3,,2008,2008-08-13,1,FALSE,Wednesday
122,"Thursday, Aug 14",BOS,H,TEX,W,10,0,,71-51,2,3.0,Matsuzaka,Hunter,,2:56,N,37856,1.54,4,,2008,2008-08-14,1,FALSE,Thursday
123,"Saturday, Aug 16",BOS,H,TOR,L,1,4,,71-52,2,3.5,Halladay,Byrd,,2:18,N,37834,1.46,-1,,2008,2008-08-16,1,FALSE,Saturday
124,"Sunday, Aug 17",BOS,H,TOR,L,4,15,,71-53,2,4.5,Marcum,Beckett,,3:27,D,37415,1.82,-2,,2008,2008-08-17,1,FALSE,Sunday
134,"Friday, Aug 29",BOS,H,CHW,W,8,0,,78-56,2,4.5,Matsuzaka,Vázquez,,2:48,N,37755,1.87,1,,2008,2008-08-29,1,FALSE,Friday
135,"Saturday, Aug 30",BOS,H,CHW,W,8,2,,79-56,2,4.5,Bowden,Buehrle,,2:40,N,37751,1.75,2,,2008,2008-08-30,1,FALSE,Saturday
136,"Sunday, Aug 31",BOS,H,CHW,L,2,4,,79-57,2,5.5,Floyd,Wakefield,Jenks,2:47,D,37391,1.19,-1,,2008,2008-08-31,1,FALSE,Sunday
137,"Monday, Sep 1",BOS,H,BAL,W,7,4,,80-57,2,5.0,Byrd,Olson,Papelbon,2:50,N,37565,1.32,1,,2008,2008-09-01,1,FALSE,Monday
138,"Tuesday, Sep 2",BOS,H,BAL,W,14,2,,81-57,2,4.0,Lester,Liz,,3:24,N,37710,1,2,,2008,2008-09-02,1,FALSE,Tuesday
139,"Wednesday, Sep 3",BOS,H,BAL,W-wo,5,4,,82-57,2,3.0,Masterson,Miller,,3:03,D,37373,0.73,3,,2008,2008-09-03,1,FALSE,Wednesday
143,"Monday, Sep 8",BOS,H,TBR,W,3,0,,85-58,2,0.5,Lester,Jackson,Papelbon,2:38,N,37662,0.29,2,,2008,2008-09-08,1,FALSE,Monday
144,"Tuesday, Sep 9",BOS,H,TBR,L,4,5,,85-59,2,1.5,Wheeler,Papelbon,Percival,3:40,N,37573,0.18,-1,,2008,2008-09-09,1,FALSE,Tuesday
145,"Wednesday, Sep 10",BOS,H,TBR,L,2,4,14,85-60,2,2.5,Miller,Timlin,Hammel,5:02,N,38114,0.36,-2,,2008,2008-09-10,1,FALSE,Wednesday
146,"Friday, Sep 12",BOS,H,TOR,W,7,0,,86-60,2,2.0,Wakefield,Purcey,,2:40,N,37398,0.8,1,,2008,2008-09-12,1,FALSE,Friday
147,"Saturday, Sep 13 (1)",BOS,H,TOR,L,1,8,,86-61,2,2.0,Burnett,Byrd,,2:35,D,37341,0.3,-1,2008-08-15 (Rain),2008,2008-09-13,1,TRUE,Saturday
148,"Saturday, Sep 13 (2)",BOS,H,TOR,W,7,5,,87-61,2,2.0,Masterson,Downs,Papelbon,3:01,N,37846,0.66,1,,2008,2008-09-13,2,TRUE,Saturday
149,"Sunday, Sep 14",BOS,H,TOR,W,4,3,,88-61,2,1.0,Lester,Halladay,Papelbon,2:33,D,37007,0.27,2,,2008,2008-09-14,1,FALSE,Sunday
156,"Monday, Sep 22",BOS,H,CLE,L,3,4,,91-65,2,2.5,Jackson,Beckett,Lewis,3:09,N,37828,0.01,-1,,2008,2008-09-22,1,FALSE,Monday
157,"Tuesday, Sep 23",BOS,H,CLE,W,5,4,,92-65,2,3.0,Wakefield,Lee,Papelbon,2:51,N,37882,0.02,1,,2008,2008-09-23,1,FALSE,Tuesday
158,"Wednesday, Sep 24",BOS,H,CLE,W,5,4,,93-65,2,3.0,Aardsma,Pérez,Delcarmen,2:59,N,37719,0,2,,2008,2008-09-24,1,FALSE,Wednesday
159,"Thursday, Sep 25",BOS,H,CLE,W,6,1,,94-65,2,2.0,Lester,Sowers,,2:32,N,37726,0,3,,2008,2008-09-25,1,FALSE,Thursday
160,"Friday, Sep 26",BOS,H,NYY,L,8,19,,94-66,2,2.0,Robertson,Pauley,,3:38,N,37301,0,-1,,2008,2008-09-26,1,FALSE,Friday
161,"Sunday, Sep 28 (1)",BOS,H,NYY,L,2,6,,94-67,2,2.0,Mussina,Matsuzaka,Rivera,3:16,D,37091,0,-2,2008-09-27 (Rain),2008,2008-09-28,1,TRUE,Sunday
162,"Sunday, Sep 28 (2)",BOS,H,NYY,W-wo,4,3,10,95-67,2,2.0,Hansack,Veras,,3:10,N,37440,0,1,,2008,2008-09-28,2,TRUE,Sunday
1,"Tuesday, Apr 7",BOS,H,TBR,W,5,3,,1-0,2,0.5,Beckett,Shields,Papelbon,2:39,D,37057,1.14,1,2009-04-06 (Rain),2009,2009-04-07,1,FALSE,Tuesday
2,"Wednesday, Apr 8",BOS,H,TBR,L,2,7,,1-1,3,1.0,Kazmir,Lester,Balfour,3:10,N,37552,1.17,-1,,2009,2009-04-08,1,FALSE,Wednesday
3,"Thursday, Apr 9",BOS,H,TBR,L,3,4,,1-2,4,1.5,Garza,Matsuzaka,Percival,3:39,D,37784,1.08,-2,,2009,2009-04-09,1,FALSE,Thursday
10,"Friday, Apr 17",BOS,H,BAL,W,10,8,,4-6,5,3.0,Ramírez,Báez,Papelbon,3:34,N,38266,0.96,2,,2009,2009-04-17,1,FALSE,Friday
11,"Saturday, Apr 18",BOS,H,BAL,W,6,4,,5-6,4,3.0,Beckett,Eaton,Papelbon,3:13,N,37559,1.06,3,,2009,2009-04-18,1,FALSE,Saturday
12,"Sunday, Apr 19",BOS,H,BAL,W,2,1,,6-6,3,3.0,Lester,Uehara,Saito,2:31,D,37869,1.05,4,,2009,2009-04-19,1,FALSE,Sunday
13,"Monday, Apr 20",BOS,H,BAL,W,12,1,,7-6,2,2.5,Masterson,Hendrickson,,3:13,D,37865,1.09,5,,2009,2009-04-20,1,FALSE,Monday
14,"Wednesday, Apr 22 (1)",BOS,H,MIN,W,10,1,7,8-6,2,1.5,Wakefield,Baker,,2:11,D,37608,1.06,6,2009-04-21 (Rain),2009,2009-04-22,1,TRUE,Wednesday
15,"Wednesday, Apr 22 (2)",BOS,H,MIN,W,7,3,,9-6,2,1.5,Penny,Liriano,,2:28,N,37494,1.08,7,,2009,2009-04-22,2,TRUE,Wednesday
16,"Friday, Apr 24",BOS,H,NYY,W-wo,5,4,11,10-6,2,2.0,Ramírez,Marte,,4:21,N,38163,1.24,8,,2009,2009-04-24,1,FALSE,Friday
17,"Saturday, Apr 25",BOS,H,NYY,W,16,11,,11-6,2,1.0,Okajima,Albaladejo,,4:21,D,37699,1.28,9,,2009,2009-04-25,1,FALSE,Saturday
18,"Sunday, Apr 26",BOS,H,NYY,W,4,1,,12-6,2,1.0,Masterson,Pettitte,Saito,3:09,N,38154,1.38,10,,2009,2009-04-26,1,FALSE,Sunday
28,"Wednesday, May 6",BOS,H,CLE,L,2,9,,17-11,2,2.0,Pavano,Masterson,Laffey,2:53,N,37888,1.29,-1,,2009,2009-05-06,1,FALSE,Wednesday
29,"Thursday, May 7",BOS,H,CLE,W,13,3,,18-11,2,1.0,Wakefield,Sowers,,2:35,N,37541,1.3,1,,2009,2009-05-07,1,FALSE,Thursday
30,"Friday, May 8",BOS,H,TBR,W,7,3,,19-11,1,Tied,Penny,Shields,,2:52,N,37745,1.41,2,,2009,2009-05-08,1,FALSE,Friday
31,"Saturday, May 9",BOS,H,TBR,L,5,14,,19-12,2,1.0,Kazmir,Lester,Cormier,3:33,D,37773,1.46,-1,,2009,2009-05-09,1,FALSE,Saturday
32,"Sunday, May 10",BOS,H,TBR,W,4,3,,20-12,2,1.0,Ramírez,Shouse,Papelbon,3:30,N,37759,1.46,1,,2009,2009-05-10,1,FALSE,Sunday
39,"Tuesday, May 19",BOS,H,TOR,W,2,1,,23-16,2,2.5,Wakefield,Tallet,Papelbon,2:13,N,37830,1.55,1,,2009,2009-05-19,1,FALSE,Tuesday
40,"Wednesday, May 20",BOS,H,TOR,W,8,3,,24-16,2,1.5,Penny,Cecil,,2:58,N,38099,1.62,2,,2009,2009-05-20,1,FALSE,Wednesday
41,"Thursday, May 21",BOS,H,TOR,W,5,1,,25-16,2,0.5,Lester,Ray,,2:55,N,38347,1.69,3,,2009,2009-05-21,1,FALSE,Thursday
42,"Friday, May 22",BOS,H,NYM,L,3,5,,25-17,2,0.5,Santana,Matsuzaka,Rodríguez,2:50,N,38092,1.33,-1,,2009,2009-05-22,1,FALSE,Friday
43,"Saturday, May 23",BOS,H,NYM,L,2,3,,25-18,2,0.5,Feliciano,Papelbon,Putz,2:49,N,37871,1.39,-2,,2009,2009-05-23,1,FALSE,Saturday
44,"Sunday, May 24",BOS,H,NYM,W,12,5,,26-18,1,up 0.5,Wakefield,Redding,,2:57,D,37446,1.25,1,,2009,2009-05-24,1,FALSE,Sunday
55,"Friday, Jun 5",BOS,H,TEX,L,1,5,,32-23,2,0.5,Millwood,Penny,,3:01,N,37519,1.55,-1,,2009,2009-06-05,1,FALSE,Friday
56,"Saturday, Jun 6",BOS,H,TEX,W,8,1,,33-23,1,up 0.5,Lester,Holland,,2:25,N,37828,1.56,1,,2009,2009-06-06,1,FALSE,Saturday
57,"Sunday, Jun 7",BOS,H,TEX,L,3,6,,33-24,2,0.5,Padilla,Matsuzaka,Wilson,2:49,D,37537,1.54,-1,,2009,2009-06-07,1,FALSE,Sunday
58,"Tuesday, Jun 9",BOS,H,NYY,W,7,0,,34-24,1,Tied,Beckett,Burnett,,3:04,N,37883,1.79,1,,2009,2009-06-09,1,FALSE,Tuesday
59,"Wednesday, Jun 10",BOS,H,NYY,W,6,5,,35-24,1,up 1.0,Wakefield,Wang,Papelbon,3:23,N,38121,1.83,2,,2009,2009-06-10,1,FALSE,Wednesday
60,"Thursday, Jun 11",BOS,H,NYY,W,4,3,,36-24,1,up 2.0,Saito,Sabathia,Papelbon,3:39,N,38153,1.7,3,,2009,2009-06-11,1,FALSE,Thursday
64,"Tuesday, Jun 16",BOS,H,FLA,W,8,2,,39-25,1,up 2.0,Wakefield,Volstad,,2:30,N,38149,1.36,1,,2009,2009-06-16,1,FALSE,Tuesday
65,"Wednesday, Jun 17",BOS,H,FLA,W,6,1,,40-25,1,up 3.0,Penny,Miller,,3:10,N,38196,1.41,2,,2009,2009-06-17,1,FALSE,Wednesday
66,"Thursday, Jun 18",BOS,H,FLA,L,1,2,5,40-26,1,up 3.0,Nolasco,Lester,,1:44,N,37577,1.33,-1,,2009,2009-06-18,1,FALSE,Thursday
67,"Friday, Jun 19",BOS,H,ATL,L,2,8,,40-27,1,up 2.0,Kawakami,Matsuzaka,,2:49,N,37703,1.34,-2,,2009,2009-06-19,1,FALSE,Friday
68,"Saturday, Jun 20",BOS,H,ATL,W,3,0,,41-27,1,up 3.0,Beckett,Lowe,,2:11,N,38029,1.51,1,,2009,2009-06-20,1,FALSE,Saturday
69,"Sunday, Jun 21",BOS,H,ATL,W-wo,6,5,,42-27,1,up 4.0,Papelbon,Bennett,,2:47,D,37243,1.43,2,,2009,2009-06-21,1,FALSE,Sunday
79,"Friday, Jul 3",BOS,H,SEA,L,6,7,11,48-31,1,up 2.0,Jakubauskas,Ramírez,Lowe,3:09,N,38078,1.35,-1,,2009,2009-07-03,1,FALSE,Friday
80,"Saturday, Jul 4",BOS,H,SEA,L,2,3,,48-32,1,up 1.0,Corcoran,Saito,Aardsma,3:06,D,37656,1.44,-2,,2009,2009-07-04,1,FALSE,Saturday
81,"Sunday, Jul 5",BOS,H,SEA,W,8,4,,49-32,1,up 1.0,Masterson,Batista,,2:57,D,37691,1.58,1,,2009,2009-07-05,1,FALSE,Sunday
82,"Monday, Jul 6",BOS,H,OAK,L,0,6,,49-33,1,up 1.0,Anderson,Smoltz,,2:34,N,38294,1.42,-1,,2009,2009-07-06,1,FALSE,Monday
83,"Tuesday, Jul 7",BOS,H,OAK,W,5,2,,50-33,1,up 1.0,Beckett,Eveland,Papelbon,3:13,N,37676,1.46,1,,2009,2009-07-07,1,FALSE,Tuesday
84,"Wednesday, Jul 8",BOS,H,OAK,W,5,4,,51-33,1,up 1.0,Wakefield,Cahill,Papelbon,3:03,N,37981,1.46,2,,2009,2009-07-08,1,FALSE,Wednesday
85,"Thursday, Jul 9",BOS,H,KCR,L,6,8,,51-34,1,Tied,Hochevar,Masterson,Soria,3:32,N,38189,1.46,-1,,2009,2009-07-09,1,FALSE,Thursday
86,"Friday, Jul 10",BOS,H,KCR,W,1,0,,52-34,1,up 1.0,Lester,Bannister,Papelbon,2:29,N,38116,1.48,1,,2009,2009-07-10,1,FALSE,Friday
87,"Saturday, Jul 11",BOS,H,KCR,W,15,9,,53-34,1,up 2.0,Smoltz,Meche,,3:44,N,37825,1.47,2,,2009,2009-07-11,1,FALSE,Saturday
88,"Sunday, Jul 12",BOS,H,KCR,W,6,0,,54-34,1,up 3.0,Beckett,Chen,,2:52,D,37612,1.38,3,,2009,2009-07-12,1,FALSE,Sunday
95,"Friday, Jul 24",BOS,H,BAL,W,3,1,,56-39,2,2.5,Penny,Bergesen,Papelbon,2:53,N,38058,1.76,1,,2009,2009-07-24,1,FALSE,Friday
96,"Saturday, Jul 25",BOS,H,BAL,W,7,2,,57-39,2,1.5,Lester,Guthrie,,2:32,N,38063,1.74,2,,2009,2009-07-25,1,FALSE,Saturday
97,"Sunday, Jul 26",BOS,H,BAL,L,2,6,,57-40,2,2.5,Hernandez,Smoltz,,2:38,D,37606,1.7,-1,,2009,2009-07-26,1,FALSE,Sunday
98,"Monday, Jul 27",BOS,H,OAK,W,8,3,,58-40,2,2.5,Beckett,Cahill,,2:56,N,37955,1.79,1,,2009,2009-07-27,1,FALSE,Monday
99,"Tuesday, Jul 28",BOS,H,OAK,L,8,9,11,58-41,2,2.5,Breslow,Delcarmen,Bailey,4:08,N,38084,1.61,-1,,2009,2009-07-28,1,FALSE,Tuesday
100,"Wednesday, Jul 29",BOS,H,OAK,L,6,8,,58-42,2,3.5,Anderson,Penny,Bailey,3:18,N,38193,1.74,-2,,2009,2009-07-29,1,FALSE,Wednesday
101,"Thursday, Jul 30",BOS,H,OAK,W,8,5,,59-42,2,2.5,Delcarmen,Breslow,Papelbon,3:17,D,37919,1.77,1,,2009,2009-07-30,1,FALSE,Thursday
111,"Monday, Aug 10",BOS,H,DET,W,6,5,,63-48,2,5.5,Ramírez,Miner,Papelbon,3:25,N,37960,1.87,1,,2009,2009-08-10,1,FALSE,Monday
112,"Tuesday, Aug 11",BOS,H,DET,W,7,5,,64-48,2,5.5,Tazawa,Lambert,,3:11,N,38013,1.96,2,,2009,2009-08-11,1,FALSE,Tuesday
113,"Wednesday, Aug 12",BOS,H,DET,W,8,2,,65-48,2,5.5,Beckett,Miner,,2:57,N,38124,2.04,3,,2009,2009-08-12,1,FALSE,Wednesday
114,"Thursday, Aug 13",BOS,H,DET,L,0,2,,65-49,2,6.5,Verlander,Buchholz,Rodney,2:44,D,37556,1.94,-1,,2009,2009-08-13,1,FALSE,Thursday
121,"Friday, Aug 21",BOS,H,NYY,L,11,20,,69-52,2,7.5,Pettitte,Penny,,3:57,N,37869,2.12,-1,,2009,2009-08-21,1,FALSE,Friday
122,"Saturday, Aug 22",BOS,H,NYY,W,14,1,,70-52,2,6.5,Tazawa,Burnett,,3:17,D,37277,2.13,1,,2009,2009-08-22,1,FALSE,Saturday
123,"Sunday, Aug 23",BOS,H,NYY,L,4,8,,70-53,2,7.5,Sabathia,Beckett,,3:13,N,38008,2.06,-1,,2009,2009-08-23,1,FALSE,Sunday
124,"Monday, Aug 24",BOS,H,CHW,W,12,8,,71-53,2,7.0,Ramírez,Contreras,,3:42,N,37812,2.01,1,,2009,2009-08-24,1,FALSE,Monday
125,"Tuesday, Aug 25",BOS,H,CHW,W,6,3,,72-53,2,6.0,Delcarmen,Linebrink,Papelbon,3:05,N,38059,1.97,2,,2009,2009-08-25,1,FALSE,Tuesday
126,"Wednesday, Aug 26",BOS,H,CHW,W-wo,3,2,,73-53,2,6.0,Bard,Peña,,2:29,N,37839,2.07,3,,2009,2009-08-26,1,FALSE,Wednesday
127,"Thursday, Aug 27",BOS,H,CHW,L,5,9,,73-54,2,6.0,Danks,Tazawa,,3:04,N,38003,2,-1,,2009,2009-08-27,1,FALSE,Thursday
128,"Friday, Aug 28",BOS,H,TOR,W,6,5,,74-54,2,6.0,Okajima,Tallet,Papelbon,3:40,N,37844,2.09,1,,2009,2009-08-28,1,FALSE,Friday
129,"Saturday, Aug 29",BOS,H,TOR,W,3,2,,75-54,2,6.0,Buchholz,Romero,Papelbon,3:13,N,37452,2.03,2,,2009,2009-08-29,1,FALSE,Saturday
130,"Sunday, Aug 30",BOS,H,TOR,W,7,0,,76-54,2,6.0,Byrd,Halladay,,2:38,D,37560,1.97,3,,2009,2009-08-30,1,FALSE,Sunday
138,"Tuesday, Sep 8",BOS,H,BAL,W,10,0,,80-58,2,9.0,Buchholz,Hernandez,,2:42,N,37647,1.79,1,,2009,2009-09-08,1,FALSE,Tuesday
139,"Wednesday, Sep 9",BOS,H,BAL,W,7,5,,81-58,2,9.0,Wagner,Albers,Papelbon,3:41,N,37712,1.94,2,,2009,2009-09-09,1,FALSE,Wednesday
140,"Saturday, Sep 12",BOS,H,TBR,W,9,1,5,82-58,2,7.5,Beckett,Davis,,1:44,N,37755,2.07,3,,2009,2009-09-12,1,FALSE,Saturday
141,"Sunday, Sep 13 (1)",BOS,H,TBR,W,3,1,,83-58,2,7.0,Okajima,Garza,Papelbon,2:45,D,38228,1.61,4,2009-09-11 (Rain),2009,2009-09-13,1,TRUE,Sunday
142,"Sunday, Sep 13 (2)",BOS,H,TBR,W,4,0,,84-58,2,7.0,Lester,Shields,,2:35,N,37271,1.38,5,,2009,2009-09-13,2,TRUE,Sunday
143,"Tuesday, Sep 15",BOS,H,LAA,W,4,1,,85-58,2,6.5,Matsuzaka,Lackey,,2:44,N,37942,0.89,6,,2009,2009-09-15,1,FALSE,Tuesday
144,"Wednesday, Sep 16",BOS,H,LAA,W-wo,9,8,,86-58,2,6.5,Bard,Fuentes,,4:07,N,37706,0.57,7,,2009,2009-09-16,1,FALSE,Wednesday
145,"Thursday, Sep 17",BOS,H,LAA,L,3,4,,86-59,2,7.0,Jepsen,Wagner,Fuentes,2:38,N,38157,0.26,-1,,2009,2009-09-17,1,FALSE,Thursday
156,"Monday, Sep 28",BOS,H,TOR,L,5,11,7,91-65,2,9.5,Richmond,Bowden,,2:22,N,37591,0.01,-4,,2009,2009-09-28,1,FALSE,Monday
157,"Tuesday, Sep 29",BOS,H,TOR,L,7,8,,91-66,2,10.5,Romero,Buchholz,Frasor,3:11,N,37618,0,-5,,2009,2009-09-29,1,FALSE,Tuesday
158,"Wednesday, Sep 30",BOS,H,TOR,L,0,12,,91-67,2,10.5,Halladay,Wakefield,,2:38,N,37246,0,-6,,2009,2009-09-30,1,FALSE,Wednesday
159,"Thursday, Oct 1",BOS,H,CLE,W,3,0,,92-67,2,10.0,Lester,Carrasco,Papelbon,2:45,N,37459,0,1,,2009,2009-10-01,1,FALSE,Thursday
160,"Friday, Oct 2",BOS,H,CLE,W,6,2,,93-67,2,9.0,Matsuzaka,Sowers,,3:25,N,37787,0,2,,2009,2009-10-02,1,FALSE,Friday
161,"Saturday, Oct 3",BOS,H,CLE,W,11,6,,94-67,2,8.0,Beckett,Laffey,,2:50,N,37562,0,3,,2009,2009-10-03,1,FALSE,Saturday
162,"Sunday, Oct 4",BOS,H,CLE,W,12,7,,95-67,2,8.0,Bowden,Ohka,,3:15,D,37247,0,4,,2009,2009-10-04,1,FALSE,Sunday
1,"Sunday, Apr 4",BOS,H,NYY,W,9,7,,1-0,1,up 0.5,Okajima,Park,Papelbon,3:46,N,37440,1.08,1,,2010,2010-04-04,1,FALSE,Sunday
2,"Tuesday, Apr 6",BOS,H,NYY,L,4,6,,1-1,2,0.5,Aceves,Okajima,Rivera,3:48,N,38000,1.17,-1,,2010,2010-04-06,1,FALSE,Tuesday
3,"Wednesday, Apr 7",BOS,H,NYY,L,1,3,10,1-2,4,1.5,Park,Papelbon,Rivera,3:21,N,38238,1.14,-2,,2010,2010-04-07,1,FALSE,Wednesday
10,"Friday, Apr 16",BOS,H,TBR,L,1,3,12,4-6,4,3.0,Cormier,Delcarmen,Soriano,4:18,N,37084,1.13,-2,,2010,2010-04-16,1,FALSE,Friday
11,"Saturday, Apr 17",BOS,H,TBR,L,5,6,,4-7,4,4.0,Shields,Buchholz,Soriano,3:19,N,37022,0.99,-3,,2010,2010-04-17,1,FALSE,Saturday
12,"Sunday, Apr 18",BOS,H,TBR,L,1,7,,4-8,4,5.0,Garza,Lester,,3:05,D,37143,0.94,-4,,2010,2010-04-18,1,FALSE,Sunday
13,"Monday, Apr 19",BOS,H,TBR,L,2,8,,4-9,4,6.0,Niemann,Lackey,,2:49,D,37609,0.86,-5,,2010,2010-04-19,1,FALSE,Monday
14,"Tuesday, Apr 20",BOS,H,TEX,W-wo,7,6,,5-9,4,5.5,Papelbon,Francisco,,3:46,N,37614,0.74,1,,2010,2010-04-20,1,FALSE,Tuesday
15,"Wednesday, Apr 21",BOS,H,TEX,W-wo,8,7,12,6-9,4,5.5,Okajima,Nippert,,3:49,N,37518,0.73,2,,2010,2010-04-21,1,FALSE,Wednesday
16,"Thursday, Apr 22",BOS,H,TEX,L,0,3,,6-10,4,6.0,Wilson,Buchholz,Oliver,2:58,N,37417,0.78,-1,,2010,2010-04-22,1,FALSE,Thursday
17,"Friday, Apr 23",BOS,H,BAL,W,4,3,,7-10,4,5.0,Delcarmen,Albers,Papelbon,3:35,N,37367,0.72,1,,2010,2010-04-23,1,FALSE,Friday
18,"Saturday, Apr 24",BOS,H,BAL,W,7,6,,8-10,4,5.0,Lackey,Albers,Papelbon,3:08,N,38017,0.79,2,,2010,2010-04-24,1,FALSE,Saturday
19,"Sunday, Apr 25",BOS,H,BAL,L,6,7,10,8-11,4,6.0,Johnson,Atchison,Meredith,3:44,D,37102,0.8,-1,,2010,2010-04-25,1,FALSE,Sunday
26,"Monday, May 3",BOS,H,LAA,W,17,8,,12-14,4,6.5,Buchholz,Saunders,,3:38,N,37404,0.79,1,,2010,2010-05-03,1,FALSE,Monday
27,"Tuesday, May 4",BOS,H,LAA,W,5,1,,13-14,4,6.5,Lester,Jepsen,,2:56,N,37411,0.83,2,,2010,2010-05-04,1,FALSE,Tuesday
28,"Wednesday, May 5",BOS,H,LAA,W,3,1,,14-14,4,6.5,Lackey,Piñeiro,Papelbon,2:33,N,37601,0.81,3,,2010,2010-05-05,1,FALSE,Wednesday
29,"Thursday, May 6",BOS,H,LAA,W,11,6,,15-14,4,6.5,Matsuzaka,Kazmir,,3:43,N,37639,0.83,4,,2010,2010-05-06,1,FALSE,Thursday
30,"Friday, May 7",BOS,H,NYY,L,3,10,,15-15,4,7.5,Hughes,Beckett,,3:01,N,37898,1.1,-1,,2010,2010-05-07,1,FALSE,Friday
31,"Saturday, May 8",BOS,H,NYY,L,3,14,,15-16,4,7.5,Aceves,Buchholz,,3:56,D,37138,0.94,-2,,2010,2010-05-08,1,FALSE,Saturday
32,"Sunday, May 9",BOS,H,NYY,W,9,3,,16-16,4,6.5,Lester,Burnett,,3:05,N,37618,0.78,1,,2010,2010-05-09,1,FALSE,Sunday
33,"Monday, May 10",BOS,H,TOR,W,7,6,,17-16,4,5.5,Lackey,Morrow,Papelbon,3:06,N,37332,0.87,2,,2010,2010-05-10,1,FALSE,Monday
34,"Tuesday, May 11",BOS,H,TOR,W,6,1,,18-16,4,5.5,Matsuzaka,Eveland,,3:04,N,37609,0.96,3,,2010,2010-05-11,1,FALSE,Tuesday
35,"Wednesday, May 12",BOS,H,TOR,L,2,3,,18-17,4,6.5,Marcum,Wakefield,Gregg,2:32,D,37198,1,-1,,2010,2010-05-12,1,FALSE,Wednesday
41,"Wednesday, May 19",BOS,H,MIN,W,3,2,,21-20,4,8.5,Buchholz,Baker,Bard,2:59,N,37426,0.77,2,,2010,2010-05-19,1,FALSE,Wednesday
42,"Thursday, May 20",BOS,H,MIN,W,6,2,,22-20,4,8.5,Lester,Liriano,,2:32,N,38144,0.77,3,,2010,2010-05-20,1,FALSE,Thursday
49,"Thursday, May 27",BOS,H,KCR,L,3,4,,27-22,3,6.5,Bannister,Matsuzaka,Soria,3:03,N,37940,1.15,-1,,2010,2010-05-27,1,FALSE,Thursday
50,"Friday, May 28",BOS,H,KCR,L,5,12,,27-23,4,6.5,Davies,Wakefield,,3:05,N,37945,1.11,-2,,2010,2010-05-28,1,FALSE,Friday
51,"Saturday, May 29",BOS,H,KCR,W,1,0,,28-23,4,6.5,Buchholz,Greinke,Papelbon,2:46,N,37956,1.04,1,,2010,2010-05-29,1,FALSE,Saturday
52,"Sunday, May 30",BOS,H,KCR,W,8,1,,29-23,4,5.5,Lester,Thompson,,2:46,D,37581,1.1,2,,2010,2010-05-30,1,FALSE,Sunday
53,"Tuesday, Jun 1",BOS,H,OAK,W,9,4,,30-23,4,5.0,Lackey,Ross,,3:29,N,37337,1.17,3,,2010,2010-06-01,1,FALSE,Tuesday
54,"Wednesday, Jun 2",BOS,H,OAK,W,6,4,,31-23,3,5.0,Matsuzaka,Sheets,Papelbon,2:53,N,37783,1.16,4,,2010,2010-06-02,1,FALSE,Wednesday
55,"Thursday, Jun 3",BOS,H,OAK,L,8,9,,31-24,3,5.5,Mazzaro,Wakefield,Bailey,3:17,D,37386,1.24,-1,,2010,2010-06-03,1,FALSE,Thursday
63,"Friday, Jun 11",BOS,H,PHI,W,12,2,,36-27,3,4.0,Lackey,Moyer,,2:43,N,38021,1.19,1,,2010,2010-06-11,1,FALSE,Friday
64,"Saturday, Jun 12",BOS,H,PHI,W,10,2,,37-27,3,4.0,Delcarmen,Blanton,,3:20,D,37061,1.27,2,,2010,2010-06-12,1,FALSE,Saturday
65,"Sunday, Jun 13",BOS,H,PHI,L,3,5,,37-28,3,4.0,Hamels,Wakefield,Lidge,2:57,D,37230,1.25,-1,,2010,2010-06-13,1,FALSE,Sunday
66,"Tuesday, Jun 15",BOS,H,ARI,W,6,3,,38-28,3,4.0,Buchholz,Kennedy,Papelbon,3:02,N,37459,1.21,1,,2010,2010-06-15,1,FALSE,Tuesday
67,"Wednesday, Jun 16",BOS,H,ARI,W,6,2,,39-28,3,3.0,Lester,López,Papelbon,2:48,N,37452,1.23,2,,2010,2010-06-16,1,FALSE,Wednesday
68,"Thursday, Jun 17",BOS,H,ARI,W,8,5,,40-28,3,2.0,Lackey,Haren,,3:24,N,37544,1.29,3,,2010,2010-06-17,1,FALSE,Thursday
69,"Friday, Jun 18",BOS,H,LAD,W,10,6,,41-28,3,1.0,Doubront,Monasterios,Bard,3:18,N,37723,1.39,4,,2010,2010-06-18,1,FALSE,Friday
70,"Saturday, Jun 19",BOS,H,LAD,W-wo,5,4,,42-28,3,1.0,Papelbon,Belisario,,3:07,D,37454,1.46,5,,2010,2010-06-19,1,FALSE,Saturday
71,"Sunday, Jun 20",BOS,H,LAD,W,2,0,,43-28,2,1.0,Buchholz,Kuroda,Papelbon,3:09,N,37430,1.43,6,,2010,2010-06-20,1,FALSE,Sunday
78,"Tuesday, Jun 29",BOS,H,TBR,W,8,5,,47-31,2,1.0,Lackey,Shields,Papelbon,3:30,N,38013,1.99,3,,2010,2010-06-29,1,FALSE,Tuesday
79,"Wednesday, Jun 30",BOS,H,TBR,L,4,9,,47-32,2,1.0,Garza,Matsuzaka,,3:35,N,38055,1.99,-1,,2010,2010-06-30,1,FALSE,Wednesday
80,"Friday, Jul 2",BOS,H,BAL,W,3,2,,48-32,2,0.5,Wakefield,Bergesen,Papelbon,2:07,N,38067,1.59,1,,2010,2010-07-02,1,FALSE,Friday
81,"Saturday, Jul 3",BOS,H,BAL,W,9,3,,49-32,2,0.5,Lester,Guthrie,,2:56,N,38106,1.54,2,,2010,2010-07-03,1,FALSE,Saturday
82,"Sunday, Jul 4",BOS,H,BAL,L,1,6,,49-33,2,1.5,Matusz,Lackey,,2:48,D,37742,1.6,-1,,2010,2010-07-04,1,FALSE,Sunday
89,"Thursday, Jul 15",BOS,H,TEX,L,2,7,,51-38,3,5.5,Hunter,Wakefield,,3:11,N,38062,1.47,-1,,2010,2010-07-15,1,FALSE,Thursday
90,"Friday, Jul 16",BOS,H,TEX,L,4,8,,51-39,3,6.5,Lewis,Doubront,,3:21,N,37669,1.37,-2,,2010,2010-07-16,1,FALSE,Friday
91,"Saturday, Jul 17",BOS,H,TEX,W-wo,3,2,11,52-39,3,5.5,Delcarmen,Ogando,,2:58,N,37744,1.34,1,,2010,2010-07-17,1,FALSE,Saturday
92,"Sunday, Jul 18",BOS,H,TEX,L,2,4,,52-40,3,6.5,Wilson,Lester,Feliz,2:57,D,37431,1.33,-1,,2010,2010-07-18,1,FALSE,Sunday
103,"Friday, Jul 30",BOS,H,DET,L,5,6,,58-45,3,7.5,Weinhardt,Lester,,3:49,N,37832,1.09,-1,,2010,2010-07-30,1,FALSE,Friday
104,"Saturday, Jul 31",BOS,H,DET,W-wo,5,4,,59-45,3,7.5,Okajima,Coke,,3:29,D,37498,1.01,1,,2010,2010-07-31,1,FALSE,Saturday
105,"Sunday, Aug 1",BOS,H,DET,W-wo,4,3,,60-45,3,6.5,Papelbon,Thomas,,2:48,D,37479,1.15,2,,2010,2010-08-01,1,FALSE,Sunday
106,"Monday, Aug 2",BOS,H,CLE,L,5,6,,60-46,3,6.5,Hernández,Lackey,Perez,3:18,N,37931,1.2,-1,,2010,2010-08-02,1,FALSE,Monday
107,"Tuesday, Aug 3",BOS,H,CLE,W,3,1,,61-46,3,6.5,Beckett,Huff,Papelbon,2:41,N,37714,1.04,1,,2010,2010-08-03,1,FALSE,Tuesday
108,"Wednesday, Aug 4",BOS,H,CLE,L,1,9,,61-47,3,6.5,Masterson,Lester,,3:07,N,37902,1.21,-1,,2010,2010-08-04,1,FALSE,Wednesday
109,"Thursday, Aug 5",BOS,H,CLE,W,6,2,,62-47,3,6.0,Matsuzaka,Tomlin,Papelbon,3:00,N,38102,1.09,1,,2010,2010-08-05,1,FALSE,Thursday
120,"Tuesday, Aug 17",BOS,H,LAA,W,6,0,,68-52,3,5.5,Buchholz,Weaver,,2:43,N,38304,1.34,1,,2010,2010-08-17,1,FALSE,Tuesday
121,"Wednesday, Aug 18",BOS,H,LAA,W,7,5,,69-52,3,5.5,Lackey,Jepsen,Papelbon,3:11,N,37779,1.37,2,,2010,2010-08-18,1,FALSE,Wednesday
122,"Thursday, Aug 19",BOS,H,LAA,L,2,7,,69-53,3,6.5,Santana,Beckett,,3:06,N,37641,1.37,-1,,2010,2010-08-19,1,FALSE,Thursday
123,"Friday, Aug 20",BOS,H,TOR,L,2,16,,69-54,3,6.5,Cecil,Lester,,3:02,N,37726,1.28,-2,,2010,2010-08-20,1,FALSE,Friday
124,"Saturday, Aug 21",BOS,H,TOR,W-wo,5,4,11,70-54,3,6.5,Papelbon,Janssen,,3:23,N,37614,1.23,1,,2010,2010-08-21,1,FALSE,Saturday
125,"Sunday, Aug 22",BOS,H,TOR,W,5,0,,71-54,3,6.5,Buchholz,Marcum,Doubront,2:45,D,37506,1.27,2,,2010,2010-08-22,1,FALSE,Sunday
126,"Monday, Aug 23",BOS,H,SEA,W,6,3,,72-54,3,5.5,Lackey,Fister,Papelbon,2:21,N,37133,1.22,3,,2010,2010-08-23,1,FALSE,Monday
127,"Wednesday, Aug 25 (1)",BOS,H,SEA,W,5,3,,73-54,3,5.5,Beckett,Pauley,Papelbon,2:44,D,37183,1.17,4,2010-08-24 (Rain),2010,2010-08-25,1,TRUE,Wednesday
128,"Wednesday, Aug 25 (2)",BOS,H,SEA,L,2,4,,73-55,3,5.5,Hernández,Wakefield,League,2:41,N,37451,1.27,-1,,2010,2010-08-25,2,TRUE,Wednesday
135,"Saturday, Sep 4 (1)",BOS,H,CHW,L,1,3,,76-59,3,10.0,Danks,Buchholz,Jenks,2:53,D,37411,0.62,-1,2010-09-03 (Rain),2010,2010-09-04,1,TRUE,Saturday
136,"Saturday, Sep 4 (2)",BOS,H,CHW,L,1,3,,76-60,3,10.0,Floyd,Lackey,Jenks,3:03,N,37858,0.45,-2,,2010,2010-09-04,2,TRUE,Saturday
137,"Sunday, Sep 5",BOS,H,CHW,L,5,7,,76-61,3,10.0,Linebrink,Papelbon,Thornton,4:05,D,37570,0.37,-3,,2010,2010-09-05,1,FALSE,Sunday
138,"Monday, Sep 6",BOS,H,TBR,W,12,5,,77-61,3,9.0,Lester,Niemann,,3:29,N,37546,0.54,1,,2010,2010-09-06,1,FALSE,Monday
139,"Tuesday, Sep 7",BOS,H,TBR,L,5,14,,77-62,3,9.0,Price,Matsuzaka,,3:16,N,37290,0.77,-1,,2010,2010-09-07,1,FALSE,Tuesday
140,"Wednesday, Sep 8",BOS,H,TBR,W,11,5,,78-62,3,9.0,Wakefield,Garza,,3:17,N,37757,0.41,1,,2010,2010-09-08,1,FALSE,Wednesday
147,"Friday, Sep 17",BOS,H,TOR,L,9,11,,82-65,3,7.0,Cecil,Lackey,Gregg,3:17,N,37679,0.65,-1,,2010,2010-09-17,1,FALSE,Friday
148,"Saturday, Sep 18",BOS,H,TOR,L,3,4,,82-66,3,8.0,Romero,Beckett,Gregg,3:16,N,37863,0.4,-2,,2010,2010-09-18,1,FALSE,Saturday
149,"Sunday, Sep 19",BOS,H,TOR,W,6,0,,83-66,3,7.0,Lester,Marcum,,2:37,D,37234,0.12,1,,2010,2010-09-19,1,FALSE,Sunday
150,"Monday, Sep 20",BOS,H,BAL,L,2,4,,83-67,3,8.0,Hernandez,Matsuzaka,Uehara,3:12,N,37560,0.29,-1,,2010,2010-09-20,1,FALSE,Monday
151,"Tuesday, Sep 21",BOS,H,BAL,L,1,9,,83-68,3,9.0,Bergesen,Atchison,,3:28,N,37464,0.13,-2,,2010,2010-09-21,1,FALSE,Tuesday
152,"Wednesday, Sep 22",BOS,H,BAL,W,6,1,,84-68,3,8.0,Lackey,Millwood,,2:44,N,37729,0.08,1,,2010,2010-09-22,1,FALSE,Wednesday
160,"Saturday, Oct 2 (1)",BOS,H,NYY,L,5,6,10,87-73,3,7.0,Hughes,Papelbon,Rivera,4:18,D,37467,0,-4,2010-10-01 (Rain),2010,2010-10-02,1,TRUE,Saturday
161,"Saturday, Oct 2 (2)",BOS,H,NYY,W-wo,7,6,10,88-73,3,7.0,Manuel,Nova,,4:00,N,37589,0,1,,2010,2010-10-02,2,TRUE,Saturday
162,"Sunday, Oct 3",BOS,H,NYY,W,8,4,,89-73,3,7.0,Lackey,Moseley,,3:09,D,37453,0,2,,2010,2010-10-03,1,FALSE,Sunday
7,"Friday, Apr 8",BOS,H,NYY,W,9,6,,1-6,4,4.5,Lackey,Colón,Papelbon,3:06,D,37178,0.77,1,,2011,2011-04-08,1,FALSE,Friday
8,"Saturday, Apr 9",BOS,H,NYY,L,4,9,,1-7,4,5.0,Robertson,Buchholz,,3:26,D,37488,0.84,-1,,2011,2011-04-09,1,FALSE,Saturday
9,"Sunday, Apr 10",BOS,H,NYY,W,4,0,,2-7,4,4.0,Beckett,Sabathia,,2:58,N,37861,0.83,1,,2011,2011-04-10,1,FALSE,Sunday
10,"Monday, Apr 11",BOS,H,TBR,L,5,16,,2-8,4,4.5,Hellickson,Matsuzaka,,3:29,N,37568,0.8,-1,,2011,2011-04-11,1,FALSE,Monday
11,"Tuesday, Apr 12",BOS,H,TBR,L,2,3,,2-9,5,5.0,Price,Lester,Farnsworth,2:54,N,37015,0.77,-2,,2011,2011-04-12,1,FALSE,Tuesday
12,"Friday, Apr 15",BOS,H,TOR,L,6,7,,2-10,5,5.0,Cecil,Jenks,Rauch,3:47,N,37467,0.7,-3,,2011,2011-04-15,1,FALSE,Friday
13,"Saturday, Apr 16",BOS,H,TOR,W,4,1,,3-10,5,5.0,Beckett,Reyes,Papelbon,3:12,D,37310,0.66,1,,2011,2011-04-16,1,FALSE,Saturday
14,"Sunday, Apr 17",BOS,H,TOR,W,8,1,,4-10,5,5.0,Lester,Litsch,,3:03,D,37802,0.69,2,,2011,2011-04-17,1,FALSE,Sunday
15,"Monday, Apr 18",BOS,H,TOR,W,9,1,,5-10,5,4.5,Matsuzaka,Romero,,2:49,D,37916,0.79,3,,2011,2011-04-18,1,FALSE,Monday
25,"Friday, Apr 29",BOS,H,SEA,L,4,5,,11-14,5,4.0,Vargas,Jenks,League,3:07,N,37845,0.94,-1,,2011,2011-04-29,1,FALSE,Friday
26,"Saturday, Apr 30",BOS,H,SEA,L,0,2,,11-15,5,5.0,Fister,Lackey,League,3:05,N,37901,0.87,-2,,2011,2011-04-30,1,FALSE,Saturday
27,"Sunday, May 1",BOS,H,SEA,W-wo,3,2,,12-15,5,5.0,Papelbon,Wright,,2:39,D,37079,0.82,1,,2011,2011-05-01,1,FALSE,Sunday
28,"Monday, May 2",BOS,H,LAA,W,9,5,,13-15,4,5.0,Buchholz,Weaver,,3:29,N,37017,0.89,2,,2011,2011-05-02,1,FALSE,Monday
29,"Tuesday, May 3",BOS,H,LAA,W,7,3,,14-15,3,4.0,Lester,Haren,,2:41,N,37043,0.9,3,,2011,2011-05-03,1,FALSE,Tuesday
30,"Wednesday, May 4",BOS,H,LAA,L,3,5,13,14-16,4,4.0,Bell,Matsuzaka,,5:00,N,37037,1.02,-1,,2011,2011-05-04,1,FALSE,Wednesday
31,"Thursday, May 5",BOS,H,LAA,L,0,11,,14-17,4,4.0,Piñeiro,Lackey,,3:10,D,37013,0.88,-2,,2011,2011-05-05,1,FALSE,Thursday
32,"Friday, May 6",BOS,H,MIN,L,2,9,,14-18,5,5.0,Baker,Wakefield,,2:37,N,37798,0.79,-3,,2011,2011-05-06,1,FALSE,Friday
33,"Saturday, May 7",BOS,H,MIN,W,4,0,,15-18,3,4.0,Buchholz,Duensing,,2:45,D,37234,0.76,1,,2011,2011-05-07,1,FALSE,Saturday
34,"Sunday, May 8",BOS,H,MIN,W,9,5,,16-18,3,4.0,Matsuzaka,Pavano,,2:53,D,37526,0.87,2,,2011,2011-05-08,1,FALSE,Sunday
35,"Monday, May 9",BOS,H,MIN,W-wo,2,1,11,17-18,3,3.5,Okajima,Hoey,,3:55,N,37276,0.89,3,,2011,2011-05-09,1,FALSE,Monday
41,"Monday, May 16",BOS,H,BAL,W-wo,8,7,,21-20,2,3.0,Aceves,Gregg,,3:53,N,37138,1.18,4,,2011,2011-05-16,1,FALSE,Monday
42,"Wednesday, May 18",BOS,H,DET,W,1,0,,22-20,3,2.5,Bard,Schlereth,Papelbon,3:02,N,37311,1.18,5,,2011,2011-05-18,1,FALSE,Wednesday
43,"Thursday, May 19",BOS,H,DET,W-wo,4,3,,23-20,3,1.5,Papelbon,Alburquerque,,3:08,N,37660,1.2,6,,2011,2011-05-19,1,FALSE,Thursday
44,"Friday, May 20",BOS,H,CHC,W,15,5,,24-20,2,0.5,Lester,Davis,Atchison,3:35,N,37140,1.25,7,,2011,2011-05-20,1,FALSE,Friday
45,"Saturday, May 21",BOS,H,CHC,L,3,9,,24-21,3,0.5,Marshall,Albers,,3:51,N,37798,1.26,-1,,2011,2011-05-21,1,FALSE,Saturday
46,"Sunday, May 22",BOS,H,CHC,W,5,1,,25-21,3,0.5,Wakefield,Russell,,2:44,N,37688,1.26,1,,2011,2011-05-22,1,FALSE,Sunday
54,"Monday, May 30",BOS,H,CHW,L,3,7,,30-24,1,Tied,Peavy,Lester,,3:24,N,37463,1.43,-2,,2011,2011-05-30,1,FALSE,Monday
55,"Tuesday, May 31",BOS,H,CHW,L,7,10,,30-25,2,1.0,Humber,Aceves,Sale,2:51,N,37269,1.49,-3,,2011,2011-05-31,1,FALSE,Tuesday
56,"Wednesday, Jun 1",BOS,H,CHW,L,4,7,,30-26,2,2.0,Floyd,Albers,Santos,2:53,D,37321,1.38,-4,,2011,2011-06-01,1,FALSE,Wednesday
57,"Friday, Jun 3",BOS,H,OAK,W,8,6,,31-26,2,1.0,Jenks,Devine,Papelbon,3:35,N,37808,1.38,1,,2011,2011-06-03,1,FALSE,Friday
58,"Saturday, Jun 4",BOS,H,OAK,W-wo,9,8,14,32-26,2,1.0,Aceves,Moscoso,,5:17,D,37485,1.36,2,,2011,2011-06-04,1,FALSE,Saturday
59,"Sunday, Jun 5",BOS,H,OAK,W,6,3,,33-26,2,1.0,Lackey,Anderson,Bard,2:50,D,37796,1.43,3,,2011,2011-06-05,1,FALSE,Sunday
69,"Friday, Jun 17",BOS,H,MIL,W,10,4,,42-27,1,up 2.5,Lackey,Estrada,,3:06,N,37833,1.28,3,,2011,2011-06-17,1,FALSE,Friday
70,"Saturday, Jun 18",BOS,H,MIL,L,2,4,,42-28,1,up 1.5,Wolf,Lester,Axford,2:48,N,38175,1.27,-1,,2011,2011-06-18,1,FALSE,Saturday
71,"Sunday, Jun 19",BOS,H,MIL,W,12,3,,43-28,1,up 1.5,Wakefield,Gallardo,,2:37,D,37903,1.37,1,,2011,2011-06-19,1,FALSE,Sunday
72,"Monday, Jun 20",BOS,H,SDP,W,14,5,,44-28,1,up 1.5,Albers,Luebke,,3:40,N,38020,1.37,2,,2011,2011-06-20,1,FALSE,Monday
73,"Tuesday, Jun 21",BOS,H,SDP,L,4,5,,44-29,1,up 1.0,Qualls,Wheeler,Bell,3:42,N,38422,1.35,-1,,2011,2011-06-21,1,FALSE,Tuesday
74,"Wednesday, Jun 22",BOS,H,SDP,L,1,5,8,44-30,1,up 0.5,Richard,Lackey,,2:49,D,37419,1.42,-2,,2011,2011-06-22,1,FALSE,Wednesday
84,"Monday, Jul 4",BOS,H,TOR,L,7,9,,49-35,2,1.5,Morrow,Lackey,Francisco,3:37,D,38072,1.5,-1,,2011,2011-07-04,1,FALSE,Monday
85,"Tuesday, Jul 5",BOS,H,TOR,W,3,2,,50-35,2,1.5,Albers,Cecil,Papelbon,2:38,N,37745,1.7,1,,2011,2011-07-05,1,FALSE,Tuesday
86,"Wednesday, Jul 6",BOS,H,TOR,W,6,4,,51-35,2,0.5,Wakefield,Romero,Papelbon,2:39,N,37404,1.57,2,,2011,2011-07-06,1,FALSE,Wednesday
87,"Thursday, Jul 7",BOS,H,BAL,W,10,4,,52-35,1,up 0.5,Miller,Arrieta,,3:05,N,37981,1.4,3,,2011,2011-07-07,1,FALSE,Thursday
88,"Friday, Jul 8",BOS,H,BAL,W,10,3,,53-35,1,up 1.0,Beckett,Britton,,3:16,N,37729,1.36,4,,2011,2011-07-08,1,FALSE,Friday
89,"Saturday, Jul 9",BOS,H,BAL,W,4,0,,54-35,1,up 1.0,Lackey,Simón,,2:48,N,38205,1.34,5,,2011,2011-07-09,1,FALSE,Saturday
90,"Sunday, Jul 10",BOS,H,BAL,W,8,6,,55-35,1,up 1.0,Aceves,Guthrie,Papelbon,3:26,D,37688,1.21,6,,2011,2011-07-10,1,FALSE,Sunday
97,"Friday, Jul 22",BOS,H,SEA,W,7,4,,60-37,1,up 2.0,Lackey,Hernández,Papelbon,2:53,N,38048,0.91,2,,2011,2011-07-22,1,FALSE,Friday
98,"Saturday, Jul 23",BOS,H,SEA,W,3,1,,61-37,1,up 3.0,Beckett,Beavan,Papelbon,3:15,N,38115,0.78,3,,2011,2011-07-23,1,FALSE,Saturday
99,"Sunday, Jul 24",BOS,H,SEA,W,12,8,,62-37,1,up 3.0,Wakefield,Pineda,,3:01,D,37650,0.68,4,,2011,2011-07-24,1,FALSE,Sunday
100,"Monday, Jul 25",BOS,H,KCR,L,1,3,14,62-38,1,up 2.0,Coleman,Williams,Soria,4:28,N,37727,0.62,-1,,2011,2011-07-25,1,FALSE,Monday
101,"Tuesday, Jul 26",BOS,H,KCR,W,13,9,,63-38,1,up 2.0,Aceves,Adcock,,3:52,N,37460,0.71,1,,2011,2011-07-26,1,FALSE,Tuesday
102,"Wednesday, Jul 27",BOS,H,KCR,W,12,5,,64-38,1,up 3.0,Lackey,Chen,,3:08,N,38329,0.6,2,,2011,2011-07-27,1,FALSE,Wednesday
103,"Thursday, Jul 28",BOS,H,KCR,L,3,4,,64-39,1,up 2.5,Hochevar,Beckett,Soria,2:51,D,37822,0.55,-1,,2011,2011-07-28,1,FALSE,Thursday
107,"Monday, Aug 1",BOS,H,CLE,L,6,9,,66-41,1,up 1.0,Pérez,Bard,,3:11,N,37943,0.56,-1,,2011,2011-08-01,1,FALSE,Monday
108,"Tuesday, Aug 2",BOS,H,CLE,W-wo,3,2,,67-41,1,up 1.0,Papelbon,Pestano,,3:08,N,38101,0.68,1,,2011,2011-08-02,1,FALSE,Tuesday
109,"Wednesday, Aug 3",BOS,H,CLE,W-wo,4,3,,68-41,1,up 1.0,Papelbon,Smith,,3:01,N,38172,0.64,2,,2011,2011-08-03,1,FALSE,Wednesday
110,"Thursday, Aug 4",BOS,H,CLE,L,3,7,,68-42,1,Tied,Masterson,Morales,,3:22,N,38477,0.51,-1,,2011,2011-08-04,1,FALSE,Thursday
111,"Friday, Aug 5",BOS,H,NYY,L,2,3,,68-43,2,1.0,Logan,Lester,Rivera,3:26,N,38006,0.83,-2,,2011,2011-08-05,1,FALSE,Friday
112,"Saturday, Aug 6",BOS,H,NYY,W,10,4,,69-43,1,Tied,Lackey,Sabathia,,3:25,D,37416,0.99,1,,2011,2011-08-06,1,FALSE,Saturday
113,"Sunday, Aug 7",BOS,H,NYY,W-wo,3,2,10,70-43,1,up 1.0,Bard,Hughes,,4:15,N,38189,0.79,2,,2011,2011-08-07,1,FALSE,Sunday
120,"Tuesday, Aug 16 (1)",BOS,H,TBR,W,3,1,,74-46,2,0.5,Lester,Shields,Papelbon,2:24,D,38525,0.82,1,2011-04-13 (Rain),2011,2011-08-16,1,TRUE,Tuesday
121,"Tuesday, Aug 16 (2)",BOS,H,TBR,L,2,6,,74-47,2,0.5,Niemann,Bédard,,3:02,N,38278,0.66,-1,,2011,2011-08-16,2,TRUE,Tuesday
122,"Wednesday, Aug 17",BOS,H,TBR,L,0,4,,74-48,2,0.5,Price,Lackey,,3:00,D,37747,0.86,-2,,2011,2011-08-17,1,FALSE,Wednesday
131,"Friday, Aug 26",BOS,H,OAK,L,5,15,,80-51,1,up 1.0,Gonzalez,Wakefield,,3:36,N,38239,0.39,-1,,2011,2011-08-26,1,FALSE,Friday
132,"Saturday, Aug 27 (1)",BOS,H,OAK,W,9,3,,81-51,1,up 2.0,Lester,Moscoso,,3:06,D,37314,0.43,1,,2011,2011-08-27,1,TRUE,Saturday
133,"Saturday, Aug 27 (2)",BOS,H,OAK,W,4,0,,82-51,1,up 2.0,Aceves,Godfrey,,3:06,N,37039,0.38,2,2011-08-28 (Hurricane Irene),2011,2011-08-27,2,TRUE,Saturday
134,"Tuesday, Aug 30",BOS,H,NYY,L,2,5,,82-52,1,up 0.5,Sabathia,Lackey,Rivera,3:59,N,37773,0.64,-1,,2011,2011-08-30,1,FALSE,Tuesday
135,"Wednesday, Aug 31",BOS,H,NYY,W,9,5,,83-52,1,up 1.5,Beckett,Hughes,,3:16,N,38021,0.68,1,,2011,2011-08-31,1,FALSE,Wednesday
136,"Thursday, Sep 1",BOS,H,NYY,L,2,4,,83-53,1,up 0.5,Wade,Aceves,Rivera,4:21,N,38074,0.61,-1,,2011,2011-09-01,1,FALSE,Thursday
137,"Friday, Sep 2",BOS,H,TEX,L,0,10,,83-54,2,0.5,Holland,Miller,,2:48,N,38083,0.42,-2,,2011,2011-09-02,1,FALSE,Friday
138,"Saturday, Sep 3",BOS,H,TEX,W,12,7,,84-54,2,0.5,Bédard,Lewis,,3:44,D,37806,0.46,1,,2011,2011-09-03,1,FALSE,Saturday
139,"Sunday, Sep 4",BOS,H,TEX,L,4,11,,84-55,2,1.5,Harrison,Lackey,,3:28,D,37744,0.42,-1,,2011,2011-09-04,1,FALSE,Sunday
147,"Tuesday, Sep 13",BOS,H,TOR,W,18,6,,86-61,2,4.0,Wakefield,Morrow,,3:07,N,38020,1.56,1,,2011,2011-09-13,1,FALSE,Tuesday
148,"Wednesday, Sep 14",BOS,H,TOR,L,4,5,,86-62,2,4.0,Romero,Bard,Francisco,2:57,D,37087,1.16,-1,,2011,2011-09-14,1,FALSE,Wednesday
149,"Thursday, Sep 15",BOS,H,TBR,L,2,9,,86-63,2,4.5,Hellickson,Weiland,,3:25,N,38071,2.18,-2,,2011,2011-09-15,1,FALSE,Thursday
150,"Friday, Sep 16",BOS,H,TBR,W,4,3,,87-63,2,3.5,Beckett,Shields,Papelbon,3:32,N,38019,3.3,1,,2011,2011-09-16,1,FALSE,Friday
151,"Saturday, Sep 17",BOS,H,TBR,L,3,4,,87-64,2,4.5,Niemann,Lester,Peralta,3:12,D,37682,2.12,-1,,2011,2011-09-17,1,FALSE,Saturday
152,"Sunday, Sep 18",BOS,H,TBR,L,5,8,,87-65,2,4.5,McGee,Wakefield,Peralta,3:53,D,37613,3.34,-2,,2011,2011-09-18,1,FALSE,Sunday
153,"Monday, Sep 19 (1)",BOS,H,BAL,L,5,6,,87-66,2,5.0,Guthrie,Weiland,Johnson,2:50,D,37885,2.71,-3,2011-05-17 (Rain),2011,2011-09-19,1,TRUE,Monday
154,"Monday, Sep 19 (2)",BOS,H,BAL,W,18,9,,88-66,2,5.0,Atchison,Matusz,,3:55,N,37261,3.15,1,,2011,2011-09-19,2,TRUE,Monday
155,"Tuesday, Sep 20",BOS,H,BAL,L,5,7,,88-67,2,6.0,Eyre,Bard,Johnson,3:36,N,37414,2.77,-1,,2011,2011-09-20,1,FALSE,Tuesday
156,"Wednesday, Sep 21",BOS,H,BAL,L,4,6,,88-68,2,7.5,Rapada,Beckett,Johnson,2:59,N,38004,3.3,-2,,2011,2011-09-21,1,FALSE,Wednesday
7,"Friday, Apr 13",BOS,H,TBR,W,12,2,,2-5,5,2.0,Beckett,Price,,3:19,D,37032,0.92,1,,2012,2012-04-13,1,FALSE,Friday
8,"Saturday, Apr 14",BOS,H,TBR,W,13,5,,3-5,5,2.0,Buchholz,Badenhop,,3:18,D,38024,0.94,2,,2012,2012-04-14,1,FALSE,Saturday
9,"Sunday, Apr 15",BOS,H,TBR,W,6,4,,4-5,4,1.0,Padilla,Moore,Aceves,3:12,D,38024,1,3,,2012,2012-04-15,1,FALSE,Sunday
10,"Monday, Apr 16",BOS,H,TBR,L,0,1,,4-6,5,2.0,Shields,Bard,Rodney,3:08,D,38108,1.06,-1,,2012,2012-04-16,1,FALSE,Monday
11,"Tuesday, Apr 17",BOS,H,TEX,L,3,18,,4-7,5,3.0,Lewis,Lester,,3:25,N,38229,0.87,-2,,2012,2012-04-17,1,FALSE,Tuesday
12,"Wednesday, Apr 18",BOS,H,TEX,L,3,6,,4-8,5,3.0,Holland,Beckett,,3:03,N,37967,0.82,-3,,2012,2012-04-18,1,FALSE,Wednesday
13,"Friday, Apr 20",BOS,H,NYY,L,2,6,,4-9,5,3.5,Nova,Buchholz,,3:18,D,36770,0.86,-4,,2012,2012-04-20,1,FALSE,Friday
14,"Saturday, Apr 21",BOS,H,NYY,L,9,15,,4-10,5,4.5,Soriano,Aceves,,3:52,D,37839,0.83,-5,,2012,2012-04-21,1,FALSE,Saturday
22,"Monday, Apr 30",BOS,H,OAK,W,11,6,,11-11,5,3.5,Buchholz,Milone,,3:23,N,37359,0.89,1,,2012,2012-04-30,1,FALSE,Monday
23,"Tuesday, May 1",BOS,H,OAK,L,3,5,,11-12,5,4.5,Parker,Doubront,Norberto,3:31,N,37225,0.93,-1,,2012,2012-05-01,1,FALSE,Tuesday
24,"Wednesday, May 2",BOS,H,OAK,L,2,4,,11-13,5,5.5,McCarthy,Bard,Fuentes,3:22,N,37434,0.86,-2,,2012,2012-05-02,1,FALSE,Wednesday
25,"Friday, May 4",BOS,H,BAL,L,4,6,13,11-14,5,7.0,Patton,Morales,Johnson,4:37,N,37223,0.87,-3,,2012,2012-05-04,1,FALSE,Friday
26,"Saturday, May 5",BOS,H,BAL,L,2,8,,11-15,5,7.0,Hammel,Cook,,2:56,D,37581,0.77,-4,,2012,2012-05-05,1,FALSE,Saturday
27,"Sunday, May 6",BOS,H,BAL,L,6,9,17,11-16,5,7.5,Davis,McDonald,,6:07,D,37394,0.73,-5,,2012,2012-05-06,1,FALSE,Sunday
31,"Thursday, May 10",BOS,H,CLE,L,3,8,,12-19,5,7.5,Lowe,Beckett,,3:11,N,37348,0.56,-3,,2012,2012-05-10,1,FALSE,Thursday
32,"Friday, May 11",BOS,H,CLE,W,7,5,,13-19,5,7.5,Buchholz,Jiménez,Aceves,3:57,N,37438,0.5,1,,2012,2012-05-11,1,FALSE,Friday
33,"Saturday, May 12",BOS,H,CLE,W,4,1,,14-19,5,7.5,Doubront,McAllister,Aceves,2:30,N,38048,0.55,2,,2012,2012-05-12,1,FALSE,Saturday
34,"Sunday, May 13",BOS,H,CLE,W,12,1,,15-19,5,6.5,Bard,Masterson,,2:37,D,37611,0.58,3,,2012,2012-05-13,1,FALSE,Sunday
35,"Monday, May 14",BOS,H,SEA,W,6,1,,16-19,5,5.5,Lester,Vargas,,2:25,N,37334,0.63,4,,2012,2012-05-14,1,FALSE,Monday
36,"Tuesday, May 15",BOS,H,SEA,W,5,0,,17-19,5,5.5,Beckett,Beavan,,2:53,D,37292,0.67,5,,2012,2012-05-15,1,FALSE,Tuesday
45,"Friday, May 25",BOS,H,TBR,L,4,7,,22-23,5,6.5,Cobb,Lester,Rodney,3:25,N,37594,0.99,-1,,2012,2012-05-25,1,FALSE,Friday
46,"Saturday, May 26",BOS,H,TBR,W-wo,3,2,,23-23,5,5.5,Hill,Rodney,,3:00,N,38099,0.93,1,,2012,2012-05-26,1,FALSE,Saturday
47,"Sunday, May 27",BOS,H,TBR,L,3,4,,23-24,5,5.5,McGee,Aceves,Rodney,3:22,D,37844,1,-1,,2012,2012-05-27,1,FALSE,Sunday
48,"Monday, May 28",BOS,H,DET,W,7,4,,24-24,5,4.5,Doubront,Fister,,2:37,D,37921,0.81,1,,2012,2012-05-28,1,FALSE,Monday
49,"Tuesday, May 29",BOS,H,DET,W,6,3,,25-24,5,3.5,Bard,Verlander,Aceves,3:15,N,37216,0.87,2,,2012,2012-05-29,1,FALSE,Tuesday
50,"Wednesday, May 30",BOS,H,DET,W,6,4,,26-24,5,2.5,Albers,Dotel,Aceves,3:04,N,37195,0.95,3,,2012,2012-05-30,1,FALSE,Wednesday
51,"Thursday, May 31",BOS,H,DET,L,3,7,,26-25,5,3.0,Scherzer,Beckett,,3:23,N,37629,1.05,-1,,2012,2012-05-31,1,FALSE,Thursday
55,"Tuesday, Jun 5",BOS,H,BAL,L,6,8,10,28-27,5,3.0,Johnson,Aceves,,3:34,N,37181,1.22,-2,,2012,2012-06-05,1,FALSE,Tuesday
56,"Wednesday, Jun 6",BOS,H,BAL,L,1,2,,28-28,5,4.0,Chen,Beckett,Johnson,2:31,N,37243,1.17,-3,,2012,2012-06-06,1,FALSE,Wednesday
57,"Thursday, Jun 7",BOS,H,BAL,W,7,0,,29-28,5,3.0,Buchholz,Matusz,,2:50,N,37307,1.02,1,,2012,2012-06-07,1,FALSE,Thursday
58,"Friday, Jun 8",BOS,H,WSN,L,4,7,,29-29,5,4.0,Strasburg,Doubront,Clippard,3:13,N,37309,0.96,-1,,2012,2012-06-08,1,FALSE,Friday
59,"Saturday, Jun 9",BOS,H,WSN,L,2,4,,29-30,5,5.0,Gonzalez,Matsuzaka,Clippard,2:53,D,37534,0.85,-2,,2012,2012-06-09,1,FALSE,Saturday
60,"Sunday, Jun 10",BOS,H,WSN,L,3,4,,29-31,5,6.0,Gorzelanny,Aceves,Clippard,3:06,D,37467,0.77,-3,,2012,2012-06-10,1,FALSE,Sunday
67,"Tuesday, Jun 19",BOS,H,MIA,W,7,5,,34-33,5,7.0,Buchholz,Buehrle,Aceves,2:53,N,37701,0.7,3,,2012,2012-06-19,1,FALSE,Tuesday
68,"Wednesday, Jun 20",BOS,H,MIA,W,15,5,,35-33,4,6.0,Doubront,Nolasco,,3:14,N,37362,0.77,4,,2012,2012-06-20,1,FALSE,Wednesday
69,"Thursday, Jun 21",BOS,H,MIA,W,6,5,,36-33,4,5.5,Atchison,Mujica,Aceves,3:09,N,37261,0.83,5,,2012,2012-06-21,1,FALSE,Thursday
70,"Friday, Jun 22",BOS,H,ATL,L,1,4,,36-34,4,5.5,Jurrjens,Lester,Kimbrel,2:55,N,37281,0.95,-1,,2012,2012-06-22,1,FALSE,Friday
71,"Saturday, Jun 23",BOS,H,ATL,W,8,4,,37-34,4,5.5,Morales,Delgado,,3:03,N,37782,0.84,1,,2012,2012-06-23,1,FALSE,Saturday
72,"Sunday, Jun 24",BOS,H,ATL,W,9,4,,38-34,4,5.5,Cook,Minor,,2:55,D,37565,0.94,2,,2012,2012-06-24,1,FALSE,Sunday
73,"Monday, Jun 25",BOS,H,TOR,L,6,9,,38-35,4,6.5,Álvarez,Doubront,Janssen,3:01,N,37208,1.05,-1,,2012,2012-06-25,1,FALSE,Monday
74,"Tuesday, Jun 26",BOS,H,TOR,W,5,1,,39-35,4,6.5,Miller,Pérez,,3:02,N,37755,0.95,1,,2012,2012-06-26,1,FALSE,Tuesday
75,"Wednesday, Jun 27",BOS,H,TOR,W,10,4,,40-35,3,6.5,Lester,Romero,,2:40,D,37744,1.04,2,,2012,2012-06-27,1,FALSE,Wednesday
83,"Friday, Jul 6",BOS,H,NYY,L,8,10,,42-41,4,8.5,Logan,Miller,Soriano,3:59,N,38066,1.12,-4,,2012,2012-07-06,1,FALSE,Friday
84,"Saturday, Jul 7 (1)",BOS,H,NYY,L,1,6,,42-42,4,8.5,García,Morales,,3:07,D,38170,0.96,-5,2012-04-22 (Rain),2012,2012-07-07,1,TRUE,Saturday
85,"Saturday, Jul 7 (2)",BOS,H,NYY,W,9,5,,43-42,4,8.5,Doubront,Hughes,,3:36,N,37791,0.8,1,,2012,2012-07-07,2,TRUE,Saturday
86,"Sunday, Jul 8",BOS,H,NYY,L,3,7,,43-43,4,9.5,Nova,Lester,,4:02,N,38270,0.89,-1,,2012,2012-07-08,1,FALSE,Sunday
90,"Monday, Jul 16",BOS,H,CHW,W,5,1,,46-44,3,9.5,Padilla,Séptimo,,2:40,N,38334,0.77,2,,2012,2012-07-16,1,FALSE,Monday
91,"Tuesday, Jul 17",BOS,H,CHW,L,5,7,,46-45,4,10.5,Humber,Lester,Reed,3:06,N,37771,0.93,-1,,2012,2012-07-17,1,FALSE,Tuesday
92,"Wednesday, Jul 18",BOS,H,CHW,W,10,1,,47-45,3,10.5,Doubront,Hernández,,2:50,N,37367,0.75,1,,2012,2012-07-18,1,FALSE,Wednesday
93,"Thursday, Jul 19",BOS,H,CHW,W-wo,3,1,,48-45,3,9.5,Aceves,Thornton,,2:47,N,38413,0.83,2,,2012,2012-07-19,1,FALSE,Thursday
94,"Friday, Jul 20",BOS,H,TOR,L,1,6,,48-46,4,9.5,Laffey,Beckett,,3:01,N,38093,0.89,-1,,2012,2012-07-20,1,FALSE,Friday
95,"Saturday, Jul 21",BOS,H,TOR,L,3,7,,48-47,4,9.5,Villanueva,Cook,,3:04,N,38170,0.81,-2,,2012,2012-07-21,1,FALSE,Saturday
96,"Sunday, Jul 22",BOS,H,TOR,L,7,15,,48-48,5,9.5,Álvarez,Lester,,3:28,D,37737,0.77,-3,,2012,2012-07-22,1,FALSE,Sunday
103,"Monday, Jul 30",BOS,H,DET,W,7,3,,52-51,4,8.5,Buchholz,Scherzer,,2:56,N,37784,0.67,3,,2012,2012-07-30,1,FALSE,Monday
104,"Tuesday, Jul 31",BOS,H,DET,W,4,1,6,53-51,4,7.5,Mortensen,Verlander,Morales,2:22,N,37275,0.75,4,,2012,2012-07-31,1,FALSE,Tuesday
105,"Wednesday, Aug 1",BOS,H,DET,L,5,7,,53-52,4,8.5,Porcello,Cook,Valverde,3:34,N,37213,0.88,-1,,2012,2012-08-01,1,FALSE,Wednesday
106,"Thursday, Aug 2",BOS,H,MIN,L,0,5,,53-53,4,9.0,Deduno,Lester,Perkins,2:35,N,37191,0.72,-2,,2012,2012-08-02,1,FALSE,Thursday
107,"Friday, Aug 3",BOS,H,MIN,L,5,6,10,53-54,4,10.0,Gray,Padilla,Burton,4:08,N,37285,0.6,-3,,2012,2012-08-03,1,FALSE,Friday
108,"Saturday, Aug 4",BOS,H,MIN,L,4,6,,53-55,4,10.0,Burnett,Aceves,Burton,3:22,N,37914,0.45,-4,,2012,2012-08-04,1,FALSE,Saturday
109,"Sunday, Aug 5",BOS,H,MIN,W,6,4,,54-55,4,10.0,Morales,Blackburn,Aceves,3:14,D,37019,0.4,1,,2012,2012-08-05,1,FALSE,Sunday
110,"Monday, Aug 6",BOS,H,TEX,W,9,2,,55-55,4,9.0,Cook,Darvish,,2:47,N,37316,0.45,2,,2012,2012-08-06,1,FALSE,Monday
111,"Tuesday, Aug 7",BOS,H,TEX,L,3,6,,55-56,4,9.0,Dempster,Lester,Nathan,3:21,N,38416,0.58,-1,,2012,2012-08-07,1,FALSE,Tuesday
112,"Wednesday, Aug 8",BOS,H,TEX,L,9,10,,55-57,4,10.0,Ogando,Mortensen,Nathan,3:30,D,37716,0.44,-2,,2012,2012-08-08,1,FALSE,Wednesday
123,"Tuesday, Aug 21",BOS,H,LAA,L,3,5,,59-64,4,13.0,Santana,Cook,Frieri,3:00,N,37794,0.12,-2,,2012,2012-08-21,1,FALSE,Tuesday
124,"Wednesday, Aug 22",BOS,H,LAA,L,3,7,,59-65,4,13.0,Weaver,Buchholz,,3:14,N,37373,0.09,-3,,2012,2012-08-22,1,FALSE,Wednesday
125,"Thursday, Aug 23",BOS,H,LAA,L,13,14,10,59-66,4,13.5,Frieri,Aceves,,4:34,N,37829,0.04,-4,,2012,2012-08-23,1,FALSE,Thursday
126,"Friday, Aug 24",BOS,H,KCR,W,4,3,,60-66,4,13.5,Lester,Herrera,Bailey,2:54,N,37228,0.02,1,,2012,2012-08-24,1,FALSE,Friday
127,"Saturday, Aug 25",BOS,H,KCR,L,9,10,12,60-67,4,13.5,Bueno,Tazawa,Holland,4:31,N,37103,0.03,-1,,2012,2012-08-25,1,FALSE,Saturday
128,"Sunday, Aug 26",BOS,H,KCR,W,8,6,,61-67,4,13.5,Beato,Smith,Melancon,3:36,D,37188,0.01,1,,2012,2012-08-26,1,FALSE,Sunday
129,"Monday, Aug 27",BOS,H,KCR,W,5,1,,62-67,4,12.5,Matsuzaka,Hochevar,,2:34,D,37506,0.02,2,,2012,2012-08-27,1,FALSE,Monday
139,"Friday, Sep 7",BOS,H,TOR,L,5,7,,63-76,4,15.5,Álvarez,Doubront,,3:08,N,37156,0,-2,,2012,2012-09-07,1,FALSE,Friday
140,"Saturday, Sep 8",BOS,H,TOR,L,2,9,,63-77,5,15.5,Lincoln,Matsuzaka,,2:55,N,37107,0,-3,,2012,2012-09-08,1,FALSE,Saturday
141,"Sunday, Sep 9",BOS,H,TOR,L,3,4,,63-78,5,16.5,Lyon,Buchholz,Janssen,3:03,D,37226,0,-4,,2012,2012-09-09,1,FALSE,Sunday
142,"Tuesday, Sep 11",BOS,H,NYY,W-wo,4,3,,64-78,5,15.5,Bailey,Robertson,,3:11,N,37437,0,1,,2012,2012-09-11,1,FALSE,Tuesday
143,"Wednesday, Sep 12",BOS,H,NYY,L,4,5,,64-79,5,16.5,Phelps,Cook,Soriano,3:43,N,37230,0,-1,,2012,2012-09-12,1,FALSE,Wednesday
144,"Thursday, Sep 13",BOS,H,NYY,L,0,2,,64-80,5,17.5,Hughes,Doubront,Soriano,3:11,N,38134,0,-2,,2012,2012-09-13,1,FALSE,Thursday
152,"Friday, Sep 21",BOS,H,BAL,L,2,4,,68-84,4,20.0,González,Lester,Johnson,3:00,N,37731,0,-3,,2012,2012-09-21,1,FALSE,Friday
153,"Saturday, Sep 22",BOS,H,BAL,L,6,9,12,68-85,4,21.0,Hunter,Aceves,Johnson,4:14,D,37570,0,-4,,2012,2012-09-22,1,FALSE,Saturday
154,"Sunday, Sep 23",BOS,H,BAL,W,2,1,,69-85,4,20.0,Tazawa,Ayala,Bailey,2:53,D,37310,0,1,,2012,2012-09-23,1,FALSE,Sunday
155,"Tuesday, Sep 25",BOS,H,TBR,L,2,5,,69-86,4,20.5,Price,Buchholz,,2:50,N,37045,0,-1,,2012,2012-09-25,1,FALSE,Tuesday
156,"Wednesday, Sep 26",BOS,H,TBR,L,2,4,,69-87,4,21.5,Cobb,Lester,Rodney,3:18,N,37247,0,-2,,2012,2012-09-26,1,FALSE,Wednesday
7,"Monday, Apr 8",BOS,H,BAL,W,3,1,,5-2,1,up 2.0,Buchholz,Chen,Hanrahan,2:42,D,37008,1.24,2,,2013,2013-04-08,1,FALSE,Monday
8,"Wednesday, Apr 10",BOS,H,BAL,L,5,8,,5-3,1,up 1.0,O'Day,Hanrahan,Johnson,2:53,N,30862,1.28,-1,,2013,2013-04-10,1,FALSE,Wednesday
9,"Thursday, Apr 11",BOS,H,BAL,L,2,3,,5-4,1,Tied,Matusz,Mortensen,Johnson,3:15,N,27704,1.23,-2,,2013,2013-04-11,1,FALSE,Thursday
10,"Saturday, Apr 13",BOS,H,TBR,W-wo,2,1,10,6-4,1,up 0.5,Tazawa,Gomes,,3:23,D,33039,1.14,1,,2013,2013-04-13,1,FALSE,Saturday
11,"Sunday, Apr 14",BOS,H,TBR,W,5,0,,7-4,1,up 1.0,Buchholz,Cobb,,2:49,D,35198,1.19,2,,2013,2013-04-14,1,FALSE,Sunday
12,"Monday, Apr 15",BOS,H,TBR,W-wo,3,2,,8-4,1,up 1.5,Bailey,Peralta,,3:03,D,37449,1.26,3,,2013,2013-04-15,1,FALSE,Monday
16,"Saturday, Apr 20",BOS,H,KCR,W,4,3,,12-4,1,up 2.0,Buchholz,Herrera,Bailey,2:58,D,35152,1.23,7,,2013,2013-04-20,1,FALSE,Saturday
17,"Sunday, Apr 21 (1)",BOS,H,KCR,L,2,4,,12-5,1,up 1.5,Santana,Dempster,Holland,2:54,D,31483,1.18,-1,2013-04-19 (Police manhunt (Boston Marathon bomber)),2013,2013-04-21,1,TRUE,Sunday
18,"Sunday, Apr 21 (2)",BOS,H,KCR,L,4,5,10,12-6,1,up 1.5,Herrera,Miller,Holland,3:11,N,33270,1.2,-2,,2013,2013-04-21,2,TRUE,Sunday
19,"Monday, Apr 22",BOS,H,OAK,W,9,6,,13-6,1,up 2.0,Doubront,Griffin,Bailey,3:29,N,28926,1.19,1,,2013,2013-04-22,1,FALSE,Monday
20,"Tuesday, Apr 23",BOS,H,OAK,L,0,13,7,13-7,1,up 1.0,Colón,Aceves,,2:33,N,29006,1.23,-1,,2013,2013-04-23,1,FALSE,Tuesday
21,"Wednesday, Apr 24",BOS,H,OAK,W,6,5,,14-7,1,up 2.0,Lester,Anderson,Bailey,3:40,D,29274,1.21,1,,2013,2013-04-24,1,FALSE,Wednesday
22,"Thursday, Apr 25",BOS,H,HOU,W,7,2,,15-7,1,up 2.0,Buchholz,Humber,,2:59,N,30093,1.22,2,,2013,2013-04-25,1,FALSE,Thursday
23,"Friday, Apr 26",BOS,H,HOU,W,7,3,,16-7,1,up 2.0,Dempster,Bédard,,3:49,N,29312,1.2,3,,2013,2013-04-26,1,FALSE,Friday
24,"Saturday, Apr 27",BOS,H,HOU,W,8,4,,17-7,1,up 2.0,Doubront,Peacock,,3:40,N,34726,1.17,4,,2013,2013-04-27,1,FALSE,Saturday
25,"Sunday, Apr 28",BOS,H,HOU,W,6,1,,18-7,1,up 2.5,Lackey,Norris,,2:56,D,36527,1.2,5,,2013,2013-04-28,1,FALSE,Sunday
32,"Monday, May 6",BOS,H,MIN,W-wo,6,5,11,21-11,1,up 2.0,Mortensen,Burton,,4:44,N,31088,1.25,1,,2013,2013-05-06,1,FALSE,Monday
33,"Tuesday, May 7",BOS,H,MIN,L,1,6,,21-12,1,up 1.0,Diamond,Dempster,,3:01,N,30549,1.26,-1,,2013,2013-05-07,1,FALSE,Tuesday
34,"Wednesday, May 8",BOS,H,MIN,L,8,15,,21-13,1,Tied,Pressly,Webster,,3:42,N,29969,1.27,-2,,2013,2013-05-08,1,FALSE,Wednesday
35,"Thursday, May 9",BOS,H,MIN,L,3,5,,21-14,1,Tied,Correia,Lackey,Perkins,3:04,N,31571,1.22,-3,,2013,2013-05-09,1,FALSE,Thursday
36,"Friday, May 10",BOS,H,TOR,W,5,0,,22-14,1,Tied,Lester,Ortiz,,2:46,N,33606,1.2,1,,2013,2013-05-10,1,FALSE,Friday
37,"Saturday, May 11",BOS,H,TOR,L,2,3,,22-15,2,1.0,Oliver,Tazawa,Janssen,2:42,D,36543,1.25,-1,,2013,2013-05-11,1,FALSE,Saturday
38,"Sunday, May 12",BOS,H,TOR,L,4,12,,22-16,3,2.0,Jenkins,Dempster,,3:13,D,35532,1.18,-2,,2013,2013-05-12,1,FALSE,Sunday
48,"Thursday, May 23",BOS,H,CLE,L,3,12,,28-20,2,1.0,McAllister,Dempster,Barnes,3:34,N,35254,1.32,-1,,2013,2013-05-23,1,FALSE,Thursday
49,"Friday, May 24",BOS,H,CLE,W,8,1,,29-20,2,1.0,Lackey,Masterson,,2:55,N,34074,1.34,1,,2013,2013-05-24,1,FALSE,Friday
50,"Saturday, May 25",BOS,H,CLE,W,7,4,,30-20,2,1.0,Tazawa,Pestano,Bailey,3:24,D,36504,1.32,2,,2013,2013-05-25,1,FALSE,Saturday
51,"Sunday, May 26",BOS,H,CLE,W-wo,6,5,,31-20,1,Tied,Breslow,Perez,,3:19,D,37046,1.33,3,,2013,2013-05-26,1,FALSE,Sunday
52,"Monday, May 27",BOS,H,PHI,W,9,3,,32-20,1,up 1.0,Aceves,Cloyd,,3:26,N,33627,1.3,4,,2013,2013-05-27,1,FALSE,Monday
53,"Tuesday, May 28",BOS,H,PHI,L,1,3,,32-21,1,up 1.0,Lee,Dempster,Papelbon,2:30,N,33463,1.3,-1,,2013,2013-05-28,1,FALSE,Tuesday
59,"Tuesday, Jun 4",BOS,H,TEX,W,17,5,,36-23,1,up 2.5,Dempster,Grimm,,3:10,N,32035,1.41,3,,2013,2013-06-04,1,FALSE,Tuesday
60,"Wednesday, Jun 5",BOS,H,TEX,L,2,3,,36-24,1,up 1.5,Cotts,Breslow,Nathan,3:17,N,33296,1.37,-1,,2013,2013-06-05,1,FALSE,Wednesday
61,"Thursday, Jun 6",BOS,H,TEX,W-wo,6,3,,37-24,1,up 1.5,Bailey,Kirkman,,3:21,N,35352,1.42,1,,2013,2013-06-06,1,FALSE,Thursday
62,"Saturday, Jun 8 (1)",BOS,H,LAA,L,5,9,,37-25,1,up 1.5,Hanson,Doubront,Frieri,4:00,D,34499,1.34,-1,2013-06-07 (Rain),2013,2013-06-08,1,TRUE,Saturday
63,"Saturday, Jun 8 (2)",BOS,H,LAA,W,7,2,,38-25,1,up 1.5,Buchholz,Wilson,,3:25,N,36518,1.35,1,,2013,2013-06-08,2,TRUE,Saturday
64,"Sunday, Jun 9",BOS,H,LAA,W,10,5,,39-25,1,up 1.5,Dempster,Blanton,,3:33,D,37054,1.31,2,,2013,2013-06-09,1,FALSE,Sunday
72,"Tuesday, Jun 18 (1)",BOS,H,TBR,W,5,1,,43-29,1,up 2.5,Aceves,Archer,,3:10,D,33430,1.59,1,2013-04-12 (Rain),2013,2013-06-18,1,TRUE,Tuesday
73,"Tuesday, Jun 18 (2)",BOS,H,TBR,W-wo,3,1,,44-29,1,up 2.5,Bailey,Peralta,,2:27,N,32156,1.54,2,,2013,2013-06-18,2,TRUE,Tuesday
74,"Wednesday, Jun 19",BOS,H,TBR,L,2,6,,44-30,1,up 1.5,Hellickson,Dempster,,3:21,N,35710,1.48,-1,,2013,2013-06-19,1,FALSE,Wednesday
79,"Tuesday, Jun 25",BOS,H,COL,W,11,4,,46-33,1,up 2.5,Dempster,Nicasio,,3:40,N,36286,1.46,1,,2013,2013-06-25,1,FALSE,Tuesday
80,"Wednesday, Jun 26",BOS,H,COL,W,5,3,,47-33,1,up 3.5,Lackey,Oswalt,Uehara,2:36,D,34632,1.42,2,,2013,2013-06-26,1,FALSE,Wednesday
81,"Thursday, Jun 27",BOS,H,TOR,W,7,4,,48-33,1,up 3.5,Lester,Wang,Uehara,2:34,N,34750,1.63,3,,2013,2013-06-27,1,FALSE,Thursday
82,"Friday, Jun 28",BOS,H,TOR,W,7,5,,49-33,1,up 3.5,Miller,Wagner,Uehara,3:22,N,36383,1.53,4,,2013,2013-06-28,1,FALSE,Friday
83,"Saturday, Jun 29",BOS,H,TOR,L,2,6,,49-34,1,up 2.5,Delabar,Tazawa,,3:05,D,37437,1.45,-1,,2013,2013-06-29,1,FALSE,Saturday
84,"Sunday, Jun 30",BOS,H,TOR,W-wo,5,4,,50-34,1,up 2.5,Uehara,Pérez,,3:10,D,37425,1.58,1,,2013,2013-06-30,1,FALSE,Sunday
85,"Tuesday, Jul 2",BOS,H,SDP,W,4,1,,51-34,1,up 3.5,Lackey,Erlin,Uehara,2:48,N,36498,1.38,2,,2013,2013-07-02,1,FALSE,Tuesday
86,"Wednesday, Jul 3",BOS,H,SDP,W-wo,2,1,,52-34,1,up 3.5,Uehara,Gregerson,,3:05,N,36911,1.38,3,,2013,2013-07-03,1,FALSE,Wednesday
87,"Thursday, Jul 4",BOS,H,SDP,W,8,2,,53-34,1,up 4.5,Webster,Stults,,3:21,D,37607,1.31,4,,2013,2013-07-04,1,FALSE,Thursday
98,"Friday, Jul 19",BOS,H,NYY,W,4,2,,59-39,1,up 2.5,Doubront,Pettitte,Uehara,2:55,N,38130,1.63,1,,2013,2013-07-19,1,FALSE,Friday
99,"Saturday, Jul 20",BOS,H,NYY,L,2,5,,59-40,1,up 1.5,Kuroda,Lackey,Rivera,3:12,D,37601,1.54,-1,,2013,2013-07-20,1,FALSE,Saturday
100,"Sunday, Jul 21",BOS,H,NYY,W-wo,8,7,11,60-40,1,up 1.5,Beato,Warren,,4:46,N,38138,1.62,1,,2013,2013-07-21,1,FALSE,Sunday
101,"Monday, Jul 22",BOS,H,TBR,L,0,3,,60-41,1,up 0.5,Moore,Workman,,2:52,N,35016,2,-1,,2013,2013-07-22,1,FALSE,Monday
102,"Tuesday, Jul 23",BOS,H,TBR,W,6,2,,61-41,1,up 1.5,Lester,Hernández,,3:06,N,34609,2.03,1,,2013,2013-07-23,1,FALSE,Tuesday
103,"Wednesday, Jul 24",BOS,H,TBR,L,1,5,,61-42,1,up 0.5,Price,Doubront,,3:00,N,36514,1.97,-1,,2013,2013-07-24,1,FALSE,Wednesday
107,"Monday, Jul 29",BOS,H,TBR,L,1,2,,63-44,2,0.5,Price,Doubront,Rodney,3:21,N,37242,2.11,-1,2013-07-25 (Rain),2013,2013-07-29,1,FALSE,Monday
108,"Tuesday, Jul 30",BOS,H,SEA,W,8,2,,64-44,2,0.5,Workman,Saunders,,2:44,N,34578,1.44,1,,2013,2013-07-30,1,FALSE,Tuesday
109,"Wednesday, Jul 31",BOS,H,SEA,W-wo,5,4,15,65-44,1,up 0.5,Britton,Luetge,,5:03,N,35059,1.47,2,,2013,2013-07-31,1,FALSE,Wednesday
110,"Thursday, Aug 1",BOS,H,SEA,W-wo,8,7,,66-44,1,up 1.0,Wright,Pérez,,3:17,N,35886,1.45,3,,2013,2013-08-01,1,FALSE,Thursday
111,"Friday, Aug 2",BOS,H,ARI,L,6,7,,66-45,1,up 1.0,Delgado,Beato,Ziegler,3:32,N,37652,1.4,-1,,2013,2013-08-02,1,FALSE,Friday
112,"Saturday, Aug 3",BOS,H,ARI,W,5,2,,67-45,1,up 1.0,Peavy,Corbin,Uehara,3:02,N,37941,1.51,1,,2013,2013-08-03,1,FALSE,Saturday
113,"Sunday, Aug 4",BOS,H,ARI,W,4,0,,68-45,1,up 1.0,Doubront,McCarthy,,3:16,D,37611,1.52,2,,2013,2013-08-04,1,FALSE,Sunday
124,"Friday, Aug 16",BOS,H,NYY,L,3,10,,72-52,1,up 1.0,Pettitte,Doubront,,3:31,N,38143,1.64,-3,,2013,2013-08-16,1,FALSE,Friday
125,"Saturday, Aug 17",BOS,H,NYY,W,6,1,,73-52,1,up 2.0,Lackey,Kuroda,,3:26,D,37517,1.85,1,,2013,2013-08-17,1,FALSE,Saturday
126,"Sunday, Aug 18",BOS,H,NYY,L,6,9,,73-53,1,up 1.0,Sabathia,Dempster,Rivera,4:12,N,37917,1.69,-1,,2013,2013-08-18,1,FALSE,Sunday
133,"Tuesday, Aug 27",BOS,H,BAL,W,13,2,,78-55,1,up 2.5,Doubront,Chen,,2:59,N,36226,1.86,3,,2013,2013-08-27,1,FALSE,Tuesday
134,"Wednesday, Aug 28",BOS,H,BAL,W,4,3,,79-55,1,up 2.5,Breslow,Hunter,Uehara,3:00,N,31962,1.66,4,,2013,2013-08-28,1,FALSE,Wednesday
135,"Thursday, Aug 29",BOS,H,BAL,L,2,3,,79-56,1,up 2.5,Tillman,Lester,Johnson,3:20,N,33300,1.49,-1,,2013,2013-08-29,1,FALSE,Thursday
136,"Friday, Aug 30",BOS,H,CHW,W,4,3,,80-56,1,up 3.5,Dempster,Santiago,Uehara,3:09,N,36063,1.36,1,,2013,2013-08-30,1,FALSE,Friday
137,"Saturday, Aug 31",BOS,H,CHW,W,7,2,,81-56,1,up 4.5,Peavy,Danks,,3:11,N,37363,1.16,2,,2013,2013-08-31,1,FALSE,Saturday
138,"Sunday, Sep 1",BOS,H,CHW,W,7,6,,82-56,1,up 5.5,Workman,Rienzo,Uehara,3:39,D,37053,0.97,3,,2013,2013-09-01,1,FALSE,Sunday
139,"Monday, Sep 2",BOS,H,DET,L,0,3,,82-57,1,up 5.5,Fister,Lackey,Veras,2:59,D,36188,0.86,-1,,2013,2013-09-02,1,FALSE,Monday
140,"Tuesday, Sep 3",BOS,H,DET,W,2,1,,83-57,1,up 5.5,Lester,Scherzer,Uehara,2:56,N,32071,0.99,1,,2013,2013-09-03,1,FALSE,Tuesday
141,"Wednesday, Sep 4",BOS,H,DET,W,20,4,,84-57,1,up 5.5,Dempster,Porcello,,3:33,N,33720,0.89,2,,2013,2013-09-04,1,FALSE,Wednesday
149,"Friday, Sep 13",BOS,H,NYY,W,8,4,,90-59,1,up 8.5,Workman,Kuroda,,3:06,N,37542,0.11,1,,2013,2013-09-13,1,FALSE,Friday
150,"Saturday, Sep 14",BOS,H,NYY,W,5,1,,91-59,1,up 8.5,Lester,Sabathia,,2:43,D,37510,0.08,2,,2013,2013-09-14,1,FALSE,Saturday
151,"Sunday, Sep 15",BOS,H,NYY,W,9,2,,92-59,1,up 9.5,Buchholz,Nova,,3:13,N,37137,0.09,3,,2013,2013-09-15,1,FALSE,Sunday
152,"Tuesday, Sep 17",BOS,H,BAL,L,2,3,,92-60,1,up 9.0,Hunter,Uehara,Johnson,3:08,N,35030,0.05,-1,,2013,2013-09-17,1,FALSE,Tuesday
153,"Wednesday, Sep 18",BOS,H,BAL,L,3,5,12,92-61,1,up 8.0,McFarland,Morales,Johnson,4:01,N,38540,0.12,-2,,2013,2013-09-18,1,FALSE,Wednesday
154,"Thursday, Sep 19",BOS,H,BAL,W,3,1,,93-61,1,up 9.0,Lackey,Tillman,,2:18,N,36436,0.14,1,,2013,2013-09-19,1,FALSE,Thursday
155,"Friday, Sep 20",BOS,H,TOR,W,6,3,,94-61,1,up 9.0,Lester,Rogers,Uehara,3:26,N,37215,0.11,2,,2013,2013-09-20,1,FALSE,Friday
156,"Saturday, Sep 21",BOS,H,TOR,L,2,4,,94-62,1,up 8.0,Buehrle,Buchholz,Janssen,3:07,N,37569,0.12,-1,,2013,2013-09-21,1,FALSE,Saturday
157,"Sunday, Sep 22",BOS,H,TOR,W,5,2,,95-62,1,up 8.0,Doubront,Dickey,Uehara,2:13,D,37020,0.2,1,,2013,2013-09-22,1,FALSE,Sunday
4,"Friday, Apr 4",BOS,H,MIL,L,2,6,,2-2,2,0.5,Kintzler,Mujica,,3:19,D,36728,0.97,-1,,2014,2014-04-04,1,FALSE,Friday
5,"Saturday, Apr 5",BOS,H,MIL,L,6,7,11,2-3,3,1.5,Thornburg,Badenhop,Rodríguez,4:23,N,35729,0.96,-2,,2014,2014-04-05,1,FALSE,Saturday
6,"Sunday, Apr 6",BOS,H,MIL,L,0,4,,2-4,4,1.5,Gallardo,Lester,,2:57,D,35958,0.92,-3,,2014,2014-04-06,1,FALSE,Sunday
7,"Monday, Apr 7",BOS,H,TEX,W,5,1,,3-4,3,1.0,Lackey,Scheppers,,3:07,N,35842,0.91,1,,2014,2014-04-07,1,FALSE,Monday
8,"Tuesday, Apr 8",BOS,H,TEX,L,7,10,,3-5,4,1.5,Pérez,Doubront,,3:11,N,34142,0.92,-1,,2014,2014-04-08,1,FALSE,Tuesday
9,"Wednesday, Apr 9",BOS,H,TEX,W,4,2,,4-5,3,1.0,Miller,Ogando,Uehara,2:57,D,33585,0.86,1,,2014,2014-04-09,1,FALSE,Wednesday
17,"Friday, Apr 18",BOS,H,BAL,L,4,8,,7-10,5,3.0,Tillman,Lackey,O'Day,3:26,N,36408,1.03,-1,,2014,2014-04-18,1,FALSE,Friday
18,"Saturday, Apr 19",BOS,H,BAL,W,4,2,,8-10,5,2.0,Tazawa,Norris,Uehara,2:47,D,37689,0.92,1,,2014,2014-04-19,1,FALSE,Saturday
19,"Sunday, Apr 20",BOS,H,BAL,W-wo,6,5,,9-10,3,2.0,Mujica,Matusz,,3:22,N,33947,0.97,2,,2014,2014-04-20,1,FALSE,Sunday
20,"Monday, Apr 21",BOS,H,BAL,L,6,7,,9-11,5,2.5,Chen,Buchholz,Hunter,3:18,D,37513,1.05,-1,,2014,2014-04-21,1,FALSE,Monday
21,"Tuesday, Apr 22",BOS,H,NYY,L,3,9,,9-12,5,3.5,Tanaka,Lester,,3:17,N,37041,0.98,-2,,2014,2014-04-22,1,FALSE,Tuesday
22,"Wednesday, Apr 23",BOS,H,NYY,W,5,1,,10-12,5,2.5,Lackey,Pineda,,3:12,N,37015,0.9,1,,2014,2014-04-23,1,FALSE,Wednesday
23,"Thursday, Apr 24",BOS,H,NYY,L,5,14,,10-13,5,3.5,Sabathia,Doubront,,3:51,N,37356,1.03,-1,,2014,2014-04-24,1,FALSE,Thursday
27,"Tuesday, Apr 29",BOS,H,TBR,W,7,4,,13-14,3,2.5,Lackey,Gomes,Uehara,3:40,N,34794,0.99,1,,2014,2014-04-29,1,FALSE,Tuesday
28,"Thursday, May 1 (1)",BOS,H,TBR,L,1,2,,13-15,4,3.0,Gomes,Peavy,Balfour,3:27,D,35621,1.1,-1,2014-04-30 (Rain),2014,2014-05-01,1,TRUE,Thursday
29,"Thursday, May 1 (2)",BOS,H,TBR,L,5,6,,13-16,4,3.0,McGee,Uehara,Balfour,3:44,N,33465,1.01,-2,,2014,2014-05-01,2,TRUE,Thursday
30,"Friday, May 2",BOS,H,OAK,W,7,1,,14-16,3,2.5,Buchholz,Straily,,3:37,N,34850,0.86,1,,2014,2014-05-02,1,FALSE,Friday
31,"Saturday, May 3",BOS,H,OAK,W,6,3,,15-16,3,2.0,Lester,Milone,Uehara,2:44,D,37042,0.91,2,,2014,2014-05-03,1,FALSE,Saturday
32,"Sunday, May 4",BOS,H,OAK,L,2,3,10,15-17,3,2.0,Johnson,Capuano,,3:45,D,35649,0.96,-1,,2014,2014-05-04,1,FALSE,Sunday
33,"Tuesday, May 6",BOS,H,CIN,W-wo,4,3,12,16-17,3,1.5,Breslow,Ondrusek,,4:04,N,36004,0.9,1,,2014,2014-05-06,1,FALSE,Tuesday
34,"Wednesday, May 7",BOS,H,CIN,W,4,3,,17-17,3,1.5,Breslow,Hoover,Uehara,2:47,N,37072,0.94,2,,2014,2014-05-07,1,FALSE,Wednesday
41,"Friday, May 16",BOS,H,DET,L,0,1,,20-21,4,2.5,Scherzer,Lester,Nathan,3:14,N,37225,1.04,-2,,2014,2014-05-16,1,FALSE,Friday
42,"Saturday, May 17",BOS,H,DET,L,1,6,,20-22,4,2.5,Porcello,Lackey,,2:49,N,37608,0.96,-3,,2014,2014-05-17,1,FALSE,Saturday
43,"Sunday, May 18",BOS,H,DET,L,2,6,,20-23,4,3.0,Sánchez,Peavy,,3:19,N,35006,0.87,-4,,2014,2014-05-18,1,FALSE,Sunday
44,"Tuesday, May 20",BOS,H,TOR,L,4,7,,20-24,4,3.5,Happ,Doubront,Janssen,3:17,N,37904,0.97,-5,,2014,2014-05-20,1,FALSE,Tuesday
45,"Wednesday, May 21",BOS,H,TOR,L,4,6,,20-25,4,4.0,Hutchison,Buchholz,Janssen,3:23,N,36116,0.89,-6,,2014,2014-05-21,1,FALSE,Wednesday
46,"Thursday, May 22",BOS,H,TOR,L,2,7,,20-26,4,5.0,Buehrle,Lester,,2:58,D,36018,0.77,-7,,2014,2014-05-22,1,FALSE,Thursday
52,"Wednesday, May 28",BOS,H,ATL,W,4,0,,23-29,4,8.0,Lackey,Floyd,,3:09,N,36189,0.49,3,,2014,2014-05-28,1,FALSE,Wednesday
53,"Thursday, May 29",BOS,H,ATL,W-wo,4,3,,24-29,4,7.0,Uehara,Kimbrel,,3:00,N,36292,0.52,4,,2014,2014-05-29,1,FALSE,Thursday
54,"Friday, May 30",BOS,H,TBR,W-wo,3,2,10,25-29,4,6.0,Miller,Oviedo,,3:55,N,35820,0.62,5,,2014,2014-05-30,1,FALSE,Friday
55,"Saturday, May 31",BOS,H,TBR,W,7,1,,26-29,4,6.0,De La Rosa,Odorizzi,,3:07,N,37076,0.72,6,,2014,2014-05-31,1,FALSE,Saturday
56,"Sunday, Jun 1",BOS,H,TBR,W,4,0,,27-29,4,6.0,Lester,Bédard,,3:12,D,37688,0.76,7,,2014,2014-06-01,1,FALSE,Sunday
66,"Thursday, Jun 12",BOS,H,CLE,W,5,2,,30-36,4,8.0,Lester,Tomlin,Uehara,3:08,N,37750,0.5,1,,2014,2014-06-12,1,FALSE,Thursday
67,"Friday, Jun 13",BOS,H,CLE,W,10,3,,31-36,4,8.0,Lackey,Masterson,,3:13,N,35772,0.52,2,,2014,2014-06-13,1,FALSE,Friday
68,"Saturday, Jun 14",BOS,H,CLE,L,2,3,,31-37,4,8.0,Axford,Breslow,Allen,3:24,D,37181,0.61,-1,,2014,2014-06-14,1,FALSE,Saturday
69,"Sunday, Jun 15",BOS,H,CLE,L,2,3,11,31-38,4,9.0,Allen,Tazawa,,4:03,D,37356,0.52,-2,,2014,2014-06-15,1,FALSE,Sunday
70,"Monday, Jun 16",BOS,H,MIN,W,1,0,,32-38,4,8.5,De La Rosa,Correia,Uehara,2:45,N,35693,0.46,1,,2014,2014-06-16,1,FALSE,Monday
71,"Tuesday, Jun 17",BOS,H,MIN,W,2,1,,33-38,4,7.5,Lester,Hughes,Mujica,2:48,N,36835,0.55,2,,2014,2014-06-17,1,FALSE,Tuesday
72,"Wednesday, Jun 18",BOS,H,MIN,W-wo,2,1,10,34-38,4,6.5,Uehara,Fien,,2:31,D,36489,0.58,3,,2014,2014-06-18,1,FALSE,Wednesday
83,"Monday, Jun 30",BOS,H,CHC,L,0,2,,38-45,4,6.5,Arrieta,Peavy,Rondón,2:59,N,37814,0.61,-1,,2014,2014-06-30,1,FALSE,Monday
84,"Tuesday, Jul 1",BOS,H,CHC,L,1,2,,38-46,4,7.5,Strop,Uehara,Rondón,3:35,N,36748,0.52,-2,,2014,2014-07-01,1,FALSE,Tuesday
85,"Wednesday, Jul 2",BOS,H,CHC,L,9,16,,38-47,4,8.5,Villanueva,Workman,,4:19,N,37055,0.38,-3,,2014,2014-07-02,1,FALSE,Wednesday
86,"Saturday, Jul 5 (1)",BOS,H,BAL,W-wo,3,2,,39-47,4,8.0,Uehara,McFarland,,2:40,D,35714,0.4,1,2014-07-04 (Rain),2014,2014-07-05,1,TRUE,Saturday
87,"Saturday, Jul 5 (2)",BOS,H,BAL,L,4,7,,39-48,4,8.0,Brach,Lackey,Britton,3:36,N,36468,0.49,-1,,2014,2014-07-05,2,TRUE,Saturday
88,"Sunday, Jul 6",BOS,H,BAL,L,6,7,12,39-49,5,9.0,Brach,Mujica,Britton,5:05,D,35811,0.39,-2,,2014,2014-07-06,1,FALSE,Sunday
89,"Monday, Jul 7",BOS,H,CHW,L,0,4,,39-50,5,10.0,Carroll,Buchholz,,2:55,N,35114,0.24,-3,,2014,2014-07-07,1,FALSE,Monday
90,"Tuesday, Jul 8",BOS,H,CHW,L,3,8,,39-51,5,10.5,Danks,Workman,,3:11,N,35345,0.18,-4,,2014,2014-07-08,1,FALSE,Tuesday
91,"Wednesday, Jul 9",BOS,H,CHW,W-wo,5,4,,40-51,5,9.5,Uehara,Guerra,,2:54,N,36218,0.13,1,,2014,2014-07-09,1,FALSE,Wednesday
92,"Thursday, Jul 10",BOS,H,CHW,W-wo,4,3,10,41-51,4,9.5,Miller,Belisario,,3:22,D,37547,0.19,2,,2014,2014-07-10,1,FALSE,Thursday
96,"Friday, Jul 18",BOS,H,KCR,W,5,4,,44-52,4,8.5,Buchholz,Downs,Uehara,3:31,N,37743,0.24,2,,2014,2014-07-18,1,FALSE,Friday
97,"Saturday, Jul 19",BOS,H,KCR,W,2,1,,45-52,4,8.5,De La Rosa,Duffy,Uehara,2:39,N,37878,0.32,3,,2014,2014-07-19,1,FALSE,Saturday
98,"Sunday, Jul 20",BOS,H,KCR,W,6,0,,46-52,4,7.5,Lester,Ventura,,2:56,D,37439,0.31,4,,2014,2014-07-20,1,FALSE,Sunday
106,"Monday, Jul 28",BOS,H,TOR,L,1,14,,48-58,5,11.0,Dickey,Buchholz,,3:15,N,37974,0.16,-1,,2014,2014-07-28,1,FALSE,Monday
107,"Tuesday, Jul 29",BOS,H,TOR,L,2,4,,48-59,5,12.0,Stroman,De La Rosa,Janssen,3:03,N,38275,0.1,-2,,2014,2014-07-29,1,FALSE,Tuesday
108,"Wednesday, Jul 30",BOS,H,TOR,L,1,6,,48-60,5,13.0,Buehrle,Workman,,2:48,N,38203,0.08,-3,,2014,2014-07-30,1,FALSE,Wednesday
109,"Friday, Aug 1",BOS,H,NYY,W,4,3,,49-60,5,12.5,Ranaudo,Capuano,Uehara,3:03,N,37782,0.04,1,,2014,2014-08-01,1,FALSE,Friday
110,"Saturday, Aug 2",BOS,H,NYY,L,4,6,,49-61,5,12.5,Kelley,Webster,Robertson,3:56,D,37302,0.05,-1,,2014,2014-08-02,1,FALSE,Saturday
111,"Sunday, Aug 3",BOS,H,NYY,L,7,8,,49-62,5,13.5,Rogers,Breslow,Robertson,3:42,N,38035,0.04,-2,,2014,2014-08-03,1,FALSE,Sunday
120,"Thursday, Aug 14",BOS,H,HOU,W,9,4,,55-65,5,14.5,Webster,Feldman,,3:19,N,38065,0.02,4,,2014,2014-08-14,1,FALSE,Thursday
121,"Friday, Aug 15",BOS,H,HOU,L,3,5,10,55-66,5,14.5,Sipp,Breslow,,3:46,N,37016,0.03,-1,,2014,2014-08-15,1,FALSE,Friday
122,"Saturday, Aug 16",BOS,H,HOU,W,10,7,,56-66,5,13.5,Wilson,Fields,,3:50,N,37652,0.01,1,,2014,2014-08-16,1,FALSE,Saturday
123,"Sunday, Aug 17",BOS,H,HOU,L,1,8,,56-67,5,14.5,McHugh,Kelly,,3:11,D,36717,0.02,-1,,2014,2014-08-17,1,FALSE,Sunday
124,"Monday, Aug 18",BOS,H,LAA,L,2,4,,56-68,5,15.5,Wilson,Workman,Jepsen,3:22,N,35170,0.01,-2,,2014,2014-08-18,1,FALSE,Monday
125,"Tuesday, Aug 19",BOS,H,LAA,L,3,4,,56-69,5,16.5,Smith,Uehara,Street,3:24,N,35471,0.01,-3,,2014,2014-08-19,1,FALSE,Tuesday
126,"Wednesday, Aug 20",BOS,H,LAA,L,3,8,,56-70,5,17.5,Rasmus,Buchholz,,3:42,N,35136,0.01,-4,,2014,2014-08-20,1,FALSE,Wednesday
127,"Thursday, Aug 21",BOS,H,LAA,L,0,2,,56-71,5,18.0,Shoemaker,De La Rosa,Grilli,3:10,N,36160,0,-5,,2014,2014-08-21,1,FALSE,Thursday
128,"Friday, Aug 22",BOS,H,SEA,L,3,5,,56-72,5,18.0,Leone,Uehara,Rodney,3:41,N,36433,0,-6,,2014,2014-08-22,1,FALSE,Friday
129,"Saturday, Aug 23",BOS,H,SEA,L,3,7,,56-73,5,18.0,Wilhelmsen,Workman,,3:28,D,36905,0,-7,,2014,2014-08-23,1,FALSE,Saturday
130,"Sunday, Aug 24",BOS,H,SEA,L,6,8,,56-74,5,18.0,Leone,Webster,Rodney,4:07,D,37022,0,-8,,2014,2014-08-24,1,FALSE,Sunday
141,"Friday, Sep 5",BOS,H,TOR,W-wo,9,8,10,62-79,5,20.5,Layne,Janssen,,3:53,N,35667,0,1,,2014,2014-09-05,1,FALSE,Friday
142,"Saturday, Sep 6",BOS,H,TOR,W,4,3,,63-79,5,19.5,Buchholz,Happ,Mujica,3:23,N,36677,0,2,,2014,2014-09-06,1,FALSE,Saturday
143,"Sunday, Sep 7",BOS,H,TOR,L,1,3,,63-80,5,20.5,Dickey,De La Rosa,Janssen,2:44,D,36261,0,-1,,2014,2014-09-07,1,FALSE,Sunday
144,"Monday, Sep 8",BOS,H,BAL,L,0,4,,63-81,5,21.5,González,Kelly,,3:08,N,35894,0,-2,,2014,2014-09-08,1,FALSE,Monday
145,"Tuesday, Sep 9",BOS,H,BAL,L,1,4,,63-82,5,22.5,Tillman,Ranaudo,Britton,3:32,N,37008,0,-3,,2014,2014-09-09,1,FALSE,Tuesday
146,"Wednesday, Sep 10",BOS,H,BAL,L,6,10,,63-83,5,23.5,Chen,Workman,O'Day,3:23,D,35374,0,-4,,2014,2014-09-10,1,FALSE,Wednesday
157,"Tuesday, Sep 23",BOS,H,TBR,L,2,6,,68-89,5,26.0,Cobb,Buchholz,,3:14,N,35566,0,-1,,2014,2014-09-23,1,FALSE,Tuesday
158,"Wednesday, Sep 24",BOS,H,TBR,W,11,3,,69-89,5,26.0,Ranaudo,Odorizzi,,3:40,N,35741,0,1,,2014,2014-09-24,1,FALSE,Wednesday
159,"Thursday, Sep 25",BOS,H,TBR,W,11,1,,70-89,5,25.0,Webster,Hellickson,,3:16,N,36590,0,2,,2014,2014-09-25,1,FALSE,Thursday
160,"Friday, Sep 26",BOS,H,NYY,L,2,3,,70-90,5,25.0,Capuano,Wright,Robertson,3:01,N,37605,0,-1,,2014,2014-09-26,1,FALSE,Friday
161,"Saturday, Sep 27",BOS,H,NYY,W,10,4,,71-90,5,24.0,Kelly,Tanaka,,3:04,D,37147,0,1,,2014,2014-09-27,1,FALSE,Saturday
162,"Sunday, Sep 28",BOS,H,NYY,L,5,9,,71-91,5,25.0,Pineda,Buchholz,,3:14,D,36879,0,-1,,2014,2014-09-28,1,FALSE,Sunday
7,"Monday, Apr 13",BOS,H,WSN,W,9,4,,5-2,1,up 1.0,Porcello,Zimmermann,,3:01,D,37203,1.01,1,,2015,2015-04-13,1,FALSE,Monday
8,"Tuesday, Apr 14",BOS,H,WSN,W,8,7,,6-2,1,up 1.0,Mujica,Treinen,Uehara,3:23,N,35258,1.03,2,,2015,2015-04-14,1,FALSE,Tuesday
9,"Wednesday, Apr 15",BOS,H,WSN,L,5,10,,6-3,1,up 1.0,Gonzalez,Miley,,3:08,D,33493,1.07,-1,,2015,2015-04-15,1,FALSE,Wednesday
10,"Friday, Apr 17",BOS,H,BAL,W-wo,3,2,,7-3,1,up 1.5,Uehara,Matusz,,3:13,N,34341,1.25,1,,2015,2015-04-17,1,FALSE,Friday
11,"Saturday, Apr 18",BOS,H,BAL,L,1,4,,7-4,1,up 1.0,Tillman,Buchholz,Britton,3:24,D,37655,1.29,-1,,2015,2015-04-18,1,FALSE,Saturday
12,"Sunday, Apr 19",BOS,H,BAL,L,3,8,,7-5,1,Tied,González,Porcello,,3:14,D,37761,1.25,-2,,2015,2015-04-19,1,FALSE,Sunday
13,"Monday, Apr 20",BOS,H,BAL,W,7,1,7,8-5,1,up 1.0,Masterson,Chen,,2:21,D,36829,1.19,1,,2015,2015-04-20,1,FALSE,Monday
20,"Monday, Apr 27",BOS,H,TOR,W-wo,6,5,,11-9,2,1.0,Uehara,Castro,,2:48,N,34739,1.12,1,,2015,2015-04-27,1,FALSE,Monday
21,"Tuesday, Apr 28",BOS,H,TOR,L,8,11,,11-10,2,2.0,Estrada,Buchholz,Cecil,4:01,N,33920,1.15,-1,,2015,2015-04-28,1,FALSE,Tuesday
22,"Wednesday, Apr 29",BOS,H,TOR,W,4,1,,12-10,2,1.0,Porcello,Dickey,Uehara,2:43,N,34220,1.15,1,,2015,2015-04-29,1,FALSE,Wednesday
23,"Friday, May 1",BOS,H,NYY,L,2,3,,12-11,3,2.0,Rogers,Tazawa,Miller,3:14,N,35444,1.2,-1,,2015,2015-05-01,1,FALSE,Friday
24,"Saturday, May 2",BOS,H,NYY,L,2,4,,12-12,3,3.0,Eovaldi,Miley,Betances,2:44,D,36611,1.14,-2,,2015,2015-05-02,1,FALSE,Saturday
25,"Sunday, May 3",BOS,H,NYY,L,5,8,,12-13,4,4.0,Warren,Kelly,Miller,3:52,N,33198,1.1,-3,,2015,2015-05-03,1,FALSE,Sunday
26,"Monday, May 4",BOS,H,TBR,L,1,5,,12-14,5,4.0,Odorizzi,Buchholz,,3:10,N,34541,0.98,-4,,2015,2015-05-04,1,FALSE,Monday
27,"Tuesday, May 5",BOS,H,TBR,W,2,0,,13-14,4,4.0,Porcello,Smyly,Uehara,2:26,N,33688,0.93,1,,2015,2015-05-05,1,FALSE,Tuesday
28,"Wednesday, May 6",BOS,H,TBR,L,3,5,,13-15,5,4.0,Colomé,Masterson,Boxberger,3:22,N,35060,1,-1,,2015,2015-05-06,1,FALSE,Wednesday
39,"Tuesday, May 19",BOS,H,TEX,W,4,3,,19-20,3,2.5,Miley,Gallardo,Uehara,2:50,N,36580,0.91,1,,2015,2015-05-19,1,FALSE,Tuesday
40,"Wednesday, May 20",BOS,H,TEX,L,1,2,,19-21,3,2.5,Klein,Kelly,Tolleson,3:13,N,35726,0.95,-1,,2015,2015-05-20,1,FALSE,Wednesday
41,"Thursday, May 21",BOS,H,TEX,L,1,3,,19-22,4,3.5,Rodríguez,Buchholz,Tolleson,2:49,N,34945,0.93,-2,,2015,2015-05-21,1,FALSE,Thursday
42,"Friday, May 22",BOS,H,LAA,L,5,12,,19-23,4,4.5,Richards,Porcello,,3:35,N,36150,0.87,-3,,2015,2015-05-22,1,FALSE,Friday
43,"Saturday, May 23",BOS,H,LAA,W,8,3,,20-23,4,3.5,Wright,Wilson,,3:09,N,37735,0.77,1,,2015,2015-05-23,1,FALSE,Saturday
44,"Sunday, May 24",BOS,H,LAA,W,6,1,,21-23,3,2.5,Miley,Santiago,,2:37,D,37742,0.86,2,,2015,2015-05-24,1,FALSE,Sunday
52,"Tuesday, Jun 2",BOS,H,MIN,W,1,0,,23-29,4,4.5,Buchholz,Pelfrey,Uehara,2:21,N,32622,0.7,1,,2015,2015-06-02,1,FALSE,Tuesday
53,"Wednesday, Jun 3 (1)",BOS,H,MIN,W,6,3,,24-29,4,5.0,Rodríguez,Hughes,,2:33,D,31704,0.75,2,2015-06-01 (Rain),2015,2015-06-03,1,TRUE,Wednesday
54,"Wednesday, Jun 3 (2)",BOS,H,MIN,L,0,2,,24-30,4,5.0,May,Porcello,Perkins,2:15,N,33291,0.74,-1,,2015,2015-06-03,2,TRUE,Wednesday
55,"Thursday, Jun 4",BOS,H,MIN,L,4,8,,24-31,5,5.5,Thompson,Uehara,,3:12,D,33615,0.71,-2,,2015,2015-06-04,1,FALSE,Thursday
56,"Friday, Jun 5",BOS,H,OAK,W,4,2,,25-31,5,5.5,Miley,Kazmir,Uehara,2:31,N,34910,0.61,1,,2015,2015-06-05,1,FALSE,Friday
57,"Saturday, Jun 6",BOS,H,OAK,W,4,2,,26-31,4,5.5,Kelly,Chavez,Uehara,3:10,D,36713,0.65,2,,2015,2015-06-06,1,FALSE,Saturday
58,"Sunday, Jun 7",BOS,H,OAK,W,7,4,,27-31,4,5.5,Wright,Clippard,Layne,3:11,D,36913,0.73,3,,2015,2015-06-07,1,FALSE,Sunday
62,"Friday, Jun 12",BOS,H,TOR,L,10,13,,27-35,5,7.0,Delabar,Tazawa,Cecil,3:24,N,37575,0.59,-4,,2015,2015-06-12,1,FALSE,Friday
63,"Saturday, Jun 13",BOS,H,TOR,L,4,5,11,27-36,5,7.0,Loup,Barnes,Cecil,3:26,D,37158,0.54,-5,,2015,2015-06-13,1,FALSE,Saturday
64,"Sunday, Jun 14",BOS,H,TOR,L,5,13,,27-37,5,8.0,Estrada,Rodríguez,,3:12,D,36296,0.45,-6,,2015,2015-06-14,1,FALSE,Sunday
65,"Monday, Jun 15",BOS,H,ATL,L,2,4,,27-38,5,9.0,Pérez,Porcello,Grilli,2:54,N,34439,0.32,-7,,2015,2015-06-15,1,FALSE,Monday
66,"Tuesday, Jun 16",BOS,H,ATL,W,9,4,,28-38,5,8.0,Miley,Teheran,,2:38,D,35662,0.27,1,,2015,2015-06-16,1,FALSE,Tuesday
72,"Tuesday, Jun 23",BOS,H,BAL,L,4,6,,31-41,5,9.5,Jiménez,Kelly,Britton,3:08,N,36508,0.36,-1,,2015,2015-06-23,1,FALSE,Tuesday
73,"Wednesday, Jun 24",BOS,H,BAL,W,5,1,,32-41,5,8.5,Buchholz,Norris,,2:38,N,37762,0.3,1,,2015,2015-06-24,1,FALSE,Wednesday
74,"Thursday, Jun 25",BOS,H,BAL,L,6,8,,32-42,5,9.0,González,Rodríguez,Britton,3:06,D,37706,0.33,-1,,2015,2015-06-25,1,FALSE,Thursday
82,"Friday, Jul 3",BOS,H,HOU,L,8,12,10,37-45,5,7.0,Hernández,Ramirez,,4:23,N,37837,0.48,-1,,2015,2015-07-03,1,FALSE,Friday
83,"Saturday, Jul 4",BOS,H,HOU,W,6,1,,38-45,5,7.0,Buchholz,McHugh,,3:02,D,36703,0.43,1,,2015,2015-07-04,1,FALSE,Saturday
84,"Sunday, Jul 5",BOS,H,HOU,W,5,4,,39-45,5,6.0,Barnes,Sipp,Uehara,4:01,D,36481,0.48,2,,2015,2015-07-05,1,FALSE,Sunday
85,"Tuesday, Jul 7",BOS,H,MIA,W,4,3,,40-45,5,5.0,Tazawa,Cishek,Uehara,2:44,N,36863,0.57,3,,2015,2015-07-07,1,FALSE,Tuesday
86,"Wednesday, Jul 8",BOS,H,MIA,W,6,3,,41-45,5,5.0,Porcello,Koehler,Uehara,2:41,N,37009,0.67,4,,2015,2015-07-08,1,FALSE,Wednesday
87,"Friday, Jul 10",BOS,H,NYY,L,1,5,,41-46,5,6.5,Pineda,Buchholz,,3:03,N,37984,0.93,-1,,2015,2015-07-10,1,FALSE,Friday
88,"Saturday, Jul 11",BOS,H,NYY,W,5,3,,42-46,5,5.5,Rodríguez,Nova,Uehara,3:10,N,38047,0.79,1,,2015,2015-07-11,1,FALSE,Saturday
89,"Sunday, Jul 12",BOS,H,NYY,L,6,8,,42-47,5,6.5,Eovaldi,Miley,,3:36,D,37283,0.91,-1,,2015,2015-07-12,1,FALSE,Sunday
97,"Friday, Jul 24",BOS,H,DET,W-wo,2,1,11,43-54,5,11.0,Masterson,Hardy,,3:42,N,37650,0.16,1,,2015,2015-07-24,1,FALSE,Friday
98,"Saturday, Jul 25",BOS,H,DET,L,1,5,,43-55,5,12.0,Simón,Wright,,2:57,D,37256,0.2,-1,,2015,2015-07-25,1,FALSE,Saturday
99,"Sunday, Jul 26",BOS,H,DET,W,11,1,,44-55,5,12.0,Rodríguez,Greene,,3:14,N,35582,0.15,1,,2015,2015-07-26,1,FALSE,Sunday
100,"Monday, Jul 27",BOS,H,CHW,L,8,10,,44-56,5,13.0,Albers,Ross,Robertson,3:54,N,37401,0.16,-1,,2015,2015-07-27,1,FALSE,Monday
101,"Tuesday, Jul 28",BOS,H,CHW,L,4,9,,44-57,5,14.0,Samardzija,Miley,,2:39,N,38063,0.13,-2,,2015,2015-07-28,1,FALSE,Tuesday
102,"Wednesday, Jul 29",BOS,H,CHW,L,2,9,,44-58,5,14.0,Quintana,Porcello,,3:42,N,37104,0.1,-3,,2015,2015-07-29,1,FALSE,Wednesday
103,"Thursday, Jul 30",BOS,H,CHW,W,8,2,,45-58,5,13.0,Wright,Sale,,2:40,N,36215,0.07,1,,2015,2015-07-30,1,FALSE,Thursday
104,"Friday, Jul 31",BOS,H,TBR,W,7,5,,46-58,5,13.0,Tazawa,McGee,Uehara,3:13,N,36715,0.09,2,,2015,2015-07-31,1,FALSE,Friday
105,"Saturday, Aug 1",BOS,H,TBR,W,11,7,,47-58,5,12.0,Kelly,Moore,Machi,3:39,D,35944,0.11,3,,2015,2015-08-01,1,FALSE,Saturday
106,"Sunday, Aug 2",BOS,H,TBR,L,3,4,,47-59,5,13.0,Geltz,Tazawa,Boxberger,3:10,D,35699,0.14,-1,,2015,2015-08-02,1,FALSE,Sunday
115,"Friday, Aug 14",BOS,H,SEA,W,15,1,,51-64,5,12.5,Kelly,Montgomery,,3:30,N,37678,0.03,1,,2015,2015-08-14,1,FALSE,Friday
116,"Saturday, Aug 15",BOS,H,SEA,W,22,10,,52-64,5,12.5,Miley,Hernández,,3:21,D,36027,0.04,2,,2015,2015-08-15,1,FALSE,Saturday
117,"Sunday, Aug 16",BOS,H,SEA,L,8,10,12,52-65,5,12.5,Rasmussen,Breslow,Farquhar,4:24,D,35260,0.05,-1,,2015,2015-08-16,1,FALSE,Sunday
118,"Monday, Aug 17",BOS,H,CLE,L,2,8,,52-66,5,13.5,Salazar,Barnes,,3:12,N,32701,0.03,-2,,2015,2015-08-17,1,FALSE,Monday
119,"Tuesday, Aug 18",BOS,H,CLE,W,9,1,,53-66,5,13.5,Rodríguez,Bauer,,2:56,N,31907,0.02,1,,2015,2015-08-18,1,FALSE,Tuesday
120,"Wednesday, Aug 19",BOS,H,CLE,W,6,4,,54-66,5,13.5,Kelly,Kluber,Tazawa,3:09,N,32465,0.02,2,,2015,2015-08-19,1,FALSE,Wednesday
121,"Thursday, Aug 20",BOS,H,KCR,W,4,1,,55-66,5,12.5,Miley,Duffy,Tazawa,2:49,N,35458,0.03,3,,2015,2015-08-20,1,FALSE,Thursday
122,"Friday, Aug 21",BOS,H,KCR,W,7,2,,56-66,5,11.5,Owens,Cueto,,2:31,N,35203,0.05,4,,2015,2015-08-21,1,FALSE,Friday
123,"Saturday, Aug 22",BOS,H,KCR,L,3,6,,56-67,5,12.5,Ventura,Barnes,Holland,3:29,N,37135,0.06,-1,,2015,2015-08-22,1,FALSE,Saturday
124,"Sunday, Aug 23",BOS,H,KCR,L,6,8,,56-68,5,13.0,Young,Tazawa,Davis,3:40,D,36151,0.03,-2,,2015,2015-08-23,1,FALSE,Sunday
131,"Monday, Aug 31",BOS,H,NYY,W,4,3,,61-70,5,13.0,Rodríguez,Nova,Machi,3:44,N,36148,0.03,1,,2015,2015-08-31,1,FALSE,Monday
132,"Tuesday, Sep 1",BOS,H,NYY,L,1,3,,61-71,5,14.0,Pineda,Porcello,Miller,2:41,N,35077,0.05,-1,,2015,2015-09-01,1,FALSE,Tuesday
133,"Wednesday, Sep 2",BOS,H,NYY,L,8,13,,61-72,5,15.0,Tanaka,Owens,,3:33,D,34416,0.02,-2,,2015,2015-09-02,1,FALSE,Wednesday
134,"Friday, Sep 4",BOS,H,PHI,W,7,5,,62-72,5,14.0,Kelly,Morgan,Ross,3:22,N,33674,0.01,1,,2015,2015-09-04,1,FALSE,Friday
135,"Saturday, Sep 5",BOS,H,PHI,W,9,2,,63-72,5,14.0,Miley,Asher,,2:24,D,36534,0.01,2,,2015,2015-09-05,1,FALSE,Saturday
136,"Sunday, Sep 6",BOS,H,PHI,W,6,2,,64-72,5,14.0,Rodríguez,Eickhoff,,2:57,D,34708,0.02,3,,2015,2015-09-06,1,FALSE,Sunday
137,"Monday, Sep 7",BOS,H,TOR,W,11,4,,65-72,4,13.0,Porcello,Buehrle,,2:48,D,33659,0.02,4,,2015,2015-09-07,1,FALSE,Monday
138,"Tuesday, Sep 8",BOS,H,TOR,L,1,5,10,65-73,5,14.0,Sanchez,Ogando,,3:23,N,33432,0.03,-1,,2015,2015-09-08,1,FALSE,Tuesday
139,"Wednesday, Sep 9",BOS,H,TOR,W,10,4,,66-73,5,13.0,Kelly,Hutchison,,3:31,N,34464,0.01,1,,2015,2015-09-09,1,FALSE,Wednesday
149,"Monday, Sep 21",BOS,H,TBR,W,8,7,,72-77,4,13.5,Machi,Gomes,Ross,3:47,N,33673,0.01,3,,2015,2015-09-21,1,FALSE,Monday
150,"Tuesday, Sep 22",BOS,H,TBR,L,2,5,,72-78,5,13.5,Moore,Owens,Boxberger,2:43,N,33673,0.01,-1,,2015,2015-09-22,1,FALSE,Tuesday
151,"Wednesday, Sep 23",BOS,H,TBR,L,2,6,,72-79,5,14.5,Smyly,Porcello,Boxberger,3:30,N,32753,0,-2,,2015,2015-09-23,1,FALSE,Wednesday
152,"Thursday, Sep 24",BOS,H,TBR,L,2,4,,72-80,5,15.0,Ramírez,Miley,Boxberger,2:39,N,34916,0,-3,,2015,2015-09-24,1,FALSE,Thursday
153,"Friday, Sep 25",BOS,H,BAL,W,7,0,,73-80,5,15.0,Hill,Gausman,,2:42,N,32411,0,1,,2015,2015-09-25,1,FALSE,Friday
154,"Saturday, Sep 26",BOS,H,BAL,W,8,0,,74-80,5,15.0,Hembree,Chen,,2:56,D,36316,0,2,,2015,2015-09-26,1,FALSE,Saturday
155,"Sunday, Sep 27",BOS,H,BAL,W,2,0,,75-80,4,15.0,Owens,Jiménez,Ross,2:28,D,33306,0,3,,2015,2015-09-27,1,FALSE,Sunday
